N,P,K,temperature,humidity,ph,rainfall,label
71,59,42,24.19,81.56,5.86,205.81,rice
86,50,42,20.14,89.7,7.41,221.23,rice
65,40,38,23.67,84.32,6.17,261.19,rice
64,42,39,23.19,87.85,5.96,251.42,rice
78,36,41,21.19,80.65,7.68,296.56,rice
84,43,36,24.79,84.4,5.78,249.52,rice
61,58,38,24.64,83.12,6.7,254.67,rice
66,59,43,26.58,88.95,6.88,292.19,rice
63,40,35,22.28,83.89,6.12,282.87,rice
71,42,40,20.99,88.02,5.67,298.69,rice
83,40,35,25.71,87.07,7.18,277.13,rice
62,44,36,26.04,86.23,6.26,206.36,rice
69,43,42,24.46,88.87,6.59,211.96,rice
81,54,41,25.4,84.94,6.7,242.75,rice
61,38,35,24.45,83.14,6.67,290.76,rice
67,45,43,21.6,80.77,6.17,216.12,rice
88,55,41,26.1,88.04,5.93,289.26,rice
76,55,44,22.23,81.1,6.02,242.71,rice
85,57,35,23.58,84.17,6.01,211.99,rice
70,59,38,23.63,87.03,6.34,297.18,rice
89,41,40,22.11,82.85,5.58,260.96,rice
75,36,38,26.36,82.4,5.83,248.95,rice
90,41,42,25.33,82.38,7.17,236.78,rice
79,51,40,20.63,88.35,6.24,218.65,rice
61,50,42,20.12,85.12,6.02,264.52,rice
65,52,39,26.56,81.38,6.28,211.35,rice
88,57,38,24.62,88.17,6.78,252.97,rice
67,37,44,26.3,86.33,6.28,234.92,rice
82,57,44,25.46,86.42,5.69,216.16,rice
87,50,35,20.71,86.64,5.51,216.08,rice
76,52,42,21.57,87.12,6.05,232.54,rice
82,51,43,24.6,85.68,5.72,236.77,rice
68,41,45,22.75,88.92,6.95,279.48,rice
75,49,40,21.37,87.22,6.15,202.43,rice
79,39,44,26.68,89.15,6.35,201.55,rice
88,46,45,26.75,88.53,6.18,238.51,rice
86,43,37,23.9,89.36,7.1,257.01,rice
63,50,45,20.98,85.18,7.52,274.08,rice
81,53,39,22.06,88.09,7.36,286.71,rice
87,48,40,25.59,86.5,7.11,279.58,rice
87,43,39,20.66,85.78,5.58,246.56,rice
76,42,41,20.21,80.37,7.39,236.02,rice
64,48,43,21.51,86.23,5.7,205.17,rice
76,49,41,25.08,89.76,6.69,232.3,rice
84,42,39,20.55,80.25,7.71,283.6,rice
81,45,37,21.1,82.5,6.76,271.46,rice
80,42,45,25.17,85.54,6.91,241.96,rice
67,44,43,20.1,81.16,5.61,204.07,rice
86,53,40,20.68,84.92,6.59,217.32,rice
73,45,41,24.45,80.45,6.36,262.59,rice
75,56,42,21.14,80.71,6.98,202.65,rice
78,59,41,22.72,86.43,6.55,254.56,rice
88,45,45,26.34,81.96,5.66,210.08,rice
61,37,42,20.5,83.19,7.44,202.33,rice
84,42,36,24.88,86.29,7.52,273.51,rice
84,42,37,25.25,88.07,7.78,241.26,rice
71,54,38,26.52,88.58,6.49,275.09,rice
83,38,44,23.54,88.26,6.24,289.55,rice
72,35,44,20.64,83.19,7.69,295.06,rice
77,51,39,22.05,83.29,7.05,275.24,rice
84,55,36,23.46,80.58,6.76,244.15,rice
87,44,36,21.0,87.62,6.92,210.11,rice
63,53,36,25.75,87.06,5.69,208.48,rice
90,44,39,25.69,89.47,7.77,275.34,rice
71,37,43,23.91,84.24,7.58,211.12,rice
75,35,40,20.39,81.19,5.77,264.92,rice
82,50,45,22.62,82.86,7.5,222.36,rice
89,35,45,20.3,88.91,6.71,299.3,rice
62,49,45,23.66,86.29,7.1,245.45,rice
79,50,44,20.32,82.81,7.69,289.03,rice
74,51,38,21.32,84.64,6.31,258.37,rice
62,59,45,24.89,85.36,6.21,281.38,rice
81,39,44,25.76,89.5,7.17,261.34,rice
73,58,44,20.32,80.26,6.37,281.06,rice
90,39,41,22.67,89.7,7.44,283.83,rice
74,45,38,20.39,88.65,7.37,299.97,rice
90,49,43,26.61,88.5,6.07,245.05,rice
64,59,41,21.6,86.72,6.92,235.82,rice
63,52,40,25.41,85.2,7.46,255.19,rice
77,57,39,20.94,80.29,7.24,262.03,rice
81,40,36,20.1,83.51,6.86,239.22,rice
73,58,38,23.6,87.84,6.41,262.21,rice
86,59,36,26.49,84.92,6.09,245.91,rice
89,47,38,24.43,82.4,5.67,212.89,rice
64,39,36,24.49,81.82,6.3,289.68,rice
74,52,37,21.35,80.41,5.89,227.86,rice
65,37,36,23.23,82.06,6.34,250.34,rice
81,36,43,24.4,80.82,7.51,292.09,rice
62,42,43,25.24,81.85,5.98,237.05,rice
75,50,39,23.24,87.47,5.58,225.24,rice
81,57,40,23.72,81.07,6.53,253.26,rice
67,42,39,20.14,83.22,5.99,232.75,rice
64,57,41,24.75,87.89,6.65,208.69,rice
76,50,42,23.02,81.28,6.15,236.31,rice
79,49,39,26.91,86.06,6.05,210.18,rice
65,41,37,21.31,82.85,5.9,289.68,rice
62,48,39,26.88,81.12,6.42,296.95,rice
86,55,38,21.2,86.69,7.64,255.68,rice
77,42,43,21.31,83.24,6.48,250.76,rice
67,38,41,22.02,85.81,5.86,248.11,rice
81,36,18,19.21,56.27,6.98,76.12,maize
92,41,22,24.84,66.91,6.21,80.59,maize
74,58,23,26.69,57.49,6.6,106.92,maize
67,37,22,23.17,71.84,5.71,99.76,maize
68,39,17,25.33,68.3,6.28,77.94,maize
95,45,23,21.95,62.54,6.19,75.07,maize
90,48,17,26.1,62.68,6.32,105.32,maize
85,38,24,23.65,61.7,5.71,99.7,maize
85,48,24,25.1,58.03,5.97,72.42,maize
90,36,21,24.86,72.54,6.01,101.06,maize
64,56,16,21.58,70.95,5.72,71.46,maize
89,53,21,24.25,65.85,5.88,77.28,maize
67,58,21,21.61,64.24,6.92,67.67,maize
83,48,21,18.16,72.44,6.9,88.26,maize
88,58,22,19.37,66.53,6.41,81.21,maize
89,58,24,22.06,57.26,6.98,101.94,maize
65,58,24,22.67,66.83,6.1,62.74,maize
73,55,15,21.0,62.96,6.31,105.99,maize
74,44,22,22.07,59.49,6.18,67.04,maize
67,47,19,26.23,62.25,6.37,91.61,maize
61,52,17,26.65,57.97,6.12,64.27,maize
100,48,21,18.6,70.0,5.81,104.9,maize
68,40,15,22.25,66.3,5.6,98.78,maize
78,48,19,21.61,66.19,5.73,69.1,maize
94,59,19,20.44,67.88,6.11,61.27,maize
66,53,22,18.24,59.44,5.85,93.59,maize
61,38,23,19.61,68.05,5.86,64.97,maize
70,53,24,25.47,62.94,6.5,70.25,maize
72,57,15,18.77,59.16,5.54,69.07,maize
83,46,24,25.36,61.84,5.89,78.98,maize
84,42,21,21.68,66.04,6.15,74.72,maize
98,54,16,25.82,64.75,6.84,99.99,maize
77,36,18,22.87,67.67,5.89,66.97,maize
93,60,20,19.55,60.45,5.53,105.71,maize
65,49,18,22.99,68.03,6.74,70.32,maize
60,38,24,25.87,66.95,6.4,93.25,maize
67,58,19,21.45,65.38,5.57,68.31,maize
90,37,21,20.21,62.79,5.93,77.78,maize
89,42,21,22.28,68.27,6.91,96.63,maize
69,36,18,23.36,56.03,6.24,89.84,maize
73,54,16,18.68,69.56,6.24,94.42,maize
77,41,23,25.19,68.89,5.91,89.51,maize
74,37,24,19.23,74.0,6.17,69.26,maize
82,57,22,25.26,68.18,6.54,102.46,maize
70,47,17,26.89,73.88,5.56,95.28,maize
97,40,21,26.24,55.68,6.55,74.87,maize
97,59,24,22.27,72.24,6.77,75.96,maize
93,36,21,20.07,57.41,5.62,94.81,maize
74,53,16,20.84,65.79,6.69,75.94,maize
85,57,21,20.1,55.49,6.81,61.06,maize
95,48,24,25.19,74.96,6.03,98.36,maize
76,47,21,25.86,74.68,6.65,80.89,maize
77,53,17,18.99,62.09,5.93,74.82,maize
69,36,15,26.89,63.56,6.08,93.98,maize
69,59,23,18.8,63.35,6.82,107.24,maize
79,50,17,26.92,59.63,6.91,92.48,maize
84,48,17,19.59,59.41,5.78,98.98,maize
74,36,25,25.95,73.56,6.99,68.69,maize
76,54,22,19.39,71.32,5.84,71.19,maize
81,50,21,18.82,72.55,5.9,66.48,maize
96,59,24,25.29,68.1,6.33,64.35,maize
76,44,18,24.51,64.92,5.62,71.01,maize
87,37,24,22.46,64.61,6.39,101.23,maize
74,52,21,20.4,72.57,6.7,92.92,maize
94,57,22,25.53,68.95,6.52,90.93,maize
90,39,24,25.85,55.58,6.74,66.44,maize
73,54,17,25.36,71.64,6.26,60.32,maize
71,50,25,23.69,60.2,6.45,87.0,maize
91,38,23,22.87,74.26,6.01,91.63,maize
97,38,24,24.19,56.36,5.95,95.41,maize
63,50,18,23.59,55.91,6.81,108.67,maize
99,54,16,24.82,55.49,5.53,76.18,maize
80,54,22,22.01,60.47,7.0,81.31,maize
78,39,23,24.24,59.42,5.62,94.02,maize
86,42,25,19.36,63.65,6.92,80.99,maize
86,45,18,26.86,63.19,6.84,71.5,maize
69,36,22,21.32,72.29,6.21,108.41,maize
67,57,23,24.94,71.9,6.64,91.31,maize
65,36,24,23.55,70.93,6.22,65.87,maize
65,52,19,19.8,64.83,5.6,89.1,maize
71,55,18,22.1,55.23,5.61,79.62,maize
79,50,18,24.25,72.2,6.67,61.98,maize
79,38,17,26.88,57.85,6.25,90.91,maize
88,49,15,20.94,65.35,5.63,77.53,maize
61,37,19,19.19,66.35,6.53,100.03,maize
68,39,16,23.73,69.13,5.55,106.81,maize
62,49,22,25.84,69.28,6.7,76.97,maize
93,37,24,22.93,71.35,6.18,92.18,maize
81,53,16,18.54,59.94,5.74,103.59,maize
69,59,18,19.64,70.79,6.49,84.91,maize
82,53,17,26.97,74.5,6.48,69.98,maize
87,37,15,20.32,64.25,6.8,96.36,maize
90,46,18,21.34,74.75,5.56,103.35,maize
83,46,22,22.38,72.47,6.85,81.09,maize
71,50,24,19.9,67.46,6.45,96.66,maize
65,53,24,19.62,59.75,6.96,69.05,maize
94,47,17,25.84,63.91,6.27,77.96,maize
84,39,19,26.72,60.16,6.49,76.26,maize
91,38,25,22.08,59.72,5.61,68.49,maize
81,43,23,21.88,59.97,6.43,95.34,maize
23,59,75,19.95,17.98,7.28,90.33,chickpea
36,70,84,17.82,14.67,6.68,66.71,chickpea
31,78,75,17.49,16.71,8.61,74.48,chickpea
30,56,76,20.95,19.79,5.91,93.55,chickpea
33,77,80,19.06,16.93,7.83,69.19,chickpea
21,63,82,17.81,18.04,8.71,67.82,chickpea
33,66,84,17.71,18.16,8.33,93.34,chickpea
34,67,81,20.48,17.42,5.99,92.93,chickpea
34,72,77,19.64,16.36,7.79,68.2,chickpea
33,80,75,20.91,16.44,8.43,88.47,chickpea
31,73,84,18.62,15.96,7.84,89.24,chickpea
35,75,79,20.27,14.72,7.48,65.17,chickpea
26,64,79,19.78,16.33,7.2,72.13,chickpea
27,61,76,19.41,18.01,7.7,78.9,chickpea
28,77,80,18.92,14.15,6.89,76.41,chickpea
28,70,80,19.43,18.59,8.26,86.54,chickpea
39,55,77,17.03,17.88,8.5,72.3,chickpea
39,57,84,18.41,14.61,7.31,72.7,chickpea
26,63,83,19.16,15.87,7.67,86.48,chickpea
25,65,76,17.72,18.09,6.43,80.75,chickpea
34,58,81,18.03,19.78,7.3,89.18,chickpea
31,56,81,20.81,17.61,8.28,91.53,chickpea
25,60,81,18.64,19.04,8.51,75.6,chickpea
25,75,78,20.29,16.54,7.84,67.87,chickpea
32,66,81,17.67,18.42,8.4,71.5,chickpea
22,56,81,19.43,17.28,6.57,76.73,chickpea
32,67,85,17.55,18.17,7.07,77.85,chickpea
34,72,85,17.51,14.62,8.0,82.35,chickpea
25,57,76,20.58,15.15,6.84,71.8,chickpea
27,57,80,17.27,18.8,6.58,81.2,chickpea
38,71,80,18.3,16.0,7.84,94.82,chickpea
33,69,82,18.86,14.36,7.53,93.73,chickpea
24,72,77,19.14,14.58,7.21,87.68,chickpea
27,72,83,20.71,15.41,7.06,69.57,chickpea
40,78,80,20.37,17.13,7.71,67.67,chickpea
35,58,83,20.13,18.25,6.0,74.09,chickpea
25,64,76,20.75,17.32,6.79,76.91,chickpea
29,70,80,20.68,16.98,8.78,90.54,chickpea
24,78,76,20.27,16.28,8.45,91.04,chickpea
36,75,78,17.32,16.42,6.4,85.85,chickpea
27,79,81,20.29,14.8,8.4,92.68,chickpea
30,70,83,17.7,17.02,7.06,69.39,chickpea
27,57,75,17.54,19.78,7.49,93.97,chickpea
29,63,80,18.76,14.63,7.76,71.48,chickpea
32,71,77,17.25,18.68,7.23,66.74,chickpea
40,56,82,20.93,15.44,6.31,68.64,chickpea
26,58,82,17.25,17.06,8.79,89.42,chickpea
32,63,81,19.11,16.56,6.28,91.6,chickpea
29,60,79,18.66,18.97,8.03,88.08,chickpea
20,65,80,17.08,15.56,8.1,69.11,chickpea
31,60,75,17.96,19.86,8.22,93.79,chickpea
30,58,80,18.82,19.07,6.18,79.65,chickpea
23,63,82,18.9,16.26,7.04,78.78,chickpea
36,77,85,20.15,15.89,7.9,78.13,chickpea
25,76,75,20.61,16.77,7.75,84.78,chickpea
38,71,81,17.27,17.11,6.34,87.12,chickpea
30,72,75,17.34,18.3,6.11,67.14,chickpea
20,79,82,18.41,15.78,6.91,88.24,chickpea
33,60,77,17.39,17.96,8.12,72.95,chickpea
20,57,85,18.18,18.62,7.71,76.46,chickpea
24,58,81,20.1,17.86,7.44,66.26,chickpea
39,75,78,20.92,17.61,7.59,87.44,chickpea
36,71,76,18.35,19.57,6.55,76.17,chickpea
29,66,81,20.77,15.44,6.25,70.92,chickpea
38,71,78,20.26,19.17,8.35,92.57,chickpea
25,74,80,20.37,18.37,8.15,84.68,chickpea
24,69,85,20.75,14.26,6.38,68.95,chickpea
35,75,77,19.02,19.04,8.03,81.27,chickpea
32,68,78,19.26,18.13,8.43,84.09,chickpea
35,59,80,17.04,15.48,8.01,94.75,chickpea
22,65,83,17.82,17.33,8.03,83.48,chickpea
24,64,83,19.22,14.03,8.11,66.06,chickpea
35,60,85,18.47,15.96,6.33,74.17,chickpea
38,80,79,18.79,18.33,8.47,82.79,chickpea
28,65,82,17.01,17.72,6.93,88.83,chickpea
22,70,80,19.57,14.39,7.58,81.84,chickpea
31,70,82,20.22,15.62,8.29,79.95,chickpea
22,56,78,20.14,18.25,8.19,80.52,chickpea
29,59,78,18.74,14.53,6.54,82.95,chickpea
35,80,84,19.57,16.53,7.74,88.57,chickpea
22,65,83,18.54,17.43,7.6,70.53,chickpea
27,63,75,17.1,18.99,6.69,80.54,chickpea
26,79,78,18.72,19.24,8.34,70.58,chickpea
36,66,80,17.53,14.48,8.01,79.89,chickpea
29,73,83,17.64,17.66,6.29,87.54,chickpea
33,79,76,17.23,15.69,6.66,72.41,chickpea
38,61,78,20.04,16.7,8.15,66.96,chickpea
30,56,76,20.63,14.84,7.44,77.33,chickpea
27,77,75,19.66,19.78,7.52,93.1,chickpea
21,65,78,19.92,19.89,6.64,84.63,chickpea
24,69,80,20.89,17.65,6.91,68.42,chickpea
23,61,78,20.4,17.37,7.42,68.44,chickpea
37,73,76,19.83,17.26,6.14,78.75,chickpea
30,59,84,20.4,18.01,7.24,77.35,chickpea
33,69,76,19.05,18.84,7.23,66.56,chickpea
36,60,78,17.66,15.98,8.09,80.58,chickpea
24,77,84,20.48,15.43,7.21,94.55,chickpea
35,56,76,18.86,19.46,7.46,79.93,chickpea
22,71,83,18.52,18.65,8.7,71.11,chickpea
30,62,83,19.31,17.81,8.21,76.88,chickpea
38,68,17,21.96,23.55,5.66,137.15,kidneybeans
38,62,25,16.41,19.41,5.59,140.46,kidneybeans
31,59,19,21.15,18.58,5.94,132.32,kidneybeans
28,79,19,24.84,22.68,5.82,74.94,kidneybeans
37,66,17,15.13,21.92,5.76,124.74,kidneybeans
37,57,22,16.87,24.01,5.91,108.67,kidneybeans
33,63,20,23.22,21.21,5.68,104.48,kidneybeans
36,63,17,22.12,23.78,5.55,81.59,kidneybeans
19,64,20,22.49,22.56,5.81,91.71,kidneybeans
36,67,25,21.34,18.88,5.84,89.26,kidneybeans
32,57,17,23.56,19.59,5.92,85.13,kidneybeans
31,72,20,18.05,19.49,5.52,87.36,kidneybeans
31,78,24,22.66,23.52,5.83,83.43,kidneybeans
38,72,21,16.11,21.13,5.73,137.81,kidneybeans
29,65,25,16.11,20.96,5.52,126.59,kidneybeans
38,62,24,17.92,24.38,5.88,132.44,kidneybeans
15,79,22,18.05,23.81,5.64,138.55,kidneybeans
18,73,20,15.97,19.69,5.51,102.19,kidneybeans
23,70,18,18.0,23.2,5.52,141.26,kidneybeans
36,72,21,23.92,19.3,5.54,81.56,kidneybeans
35,56,21,24.95,23.99,5.76,65.73,kidneybeans
36,70,16,15.94,24.37,5.83,134.64,kidneybeans
37,69,20,19.3,20.22,5.72,129.65,kidneybeans
30,77,19,21.07,22.42,5.8,123.24,kidneybeans
21,68,16,18.85,21.41,5.83,145.55,kidneybeans
30,74,20,21.34,18.5,5.63,92.57,kidneybeans
27,56,16,17.77,24.8,5.67,103.38,kidneybeans
20,70,18,17.07,21.62,5.5,60.69,kidneybeans
20,56,16,18.39,23.62,5.79,106.14,kidneybeans
22,78,19,15.87,22.32,5.56,91.07,kidneybeans
28,77,20,22.02,24.95,5.57,84.73,kidneybeans
25,66,19,24.08,23.0,5.8,87.84,kidneybeans
36,79,23,15.02,22.45,5.53,83.18,kidneybeans
16,70,22,16.14,20.69,5.73,93.21,kidneybeans
18,65,23,15.71,18.56,5.68,144.76,kidneybeans
32,72,19,20.94,18.07,5.82,142.2,kidneybeans
30,77,22,16.21,24.32,5.53,108.06,kidneybeans
19,55,19,17.95,21.4,5.79,63.94,kidneybeans
18,69,18,22.29,22.57,5.92,122.32,kidneybeans
26,72,18,18.06,23.52,5.72,131.85,kidneybeans
36,76,24,19.31,20.23,5.79,93.41,kidneybeans
30,73,22,18.75,19.17,5.72,72.83,kidneybeans
37,64,17,15.25,22.52,5.82,90.65,kidneybeans
17,65,18,21.77,22.24,5.68,79.61,kidneybeans
40,66,22,16.41,21.4,5.51,105.49,kidneybeans
39,65,15,15.31,20.72,5.58,62.1,kidneybeans
34,66,18,24.0,18.81,5.98,88.26,kidneybeans
37,70,23,24.84,20.02,5.98,95.05,kidneybeans
25,64,20,16.54,21.88,5.77,128.57,kidneybeans
36,66,18,17.59,19.36,5.53,90.82,kidneybeans
22,79,21,18.47,22.06,5.57,99.96,kidneybeans
31,67,19,24.94,24.16,5.81,111.24,kidneybeans
31,60,19,15.39,21.33,5.77,80.5,kidneybeans
39,78,22,20.33,24.09,5.57,131.15,kidneybeans
18,75,18,23.77,24.61,5.57,101.64,kidneybeans
40,67,24,20.89,20.63,5.64,78.29,kidneybeans
34,65,20,19.92,22.04,5.93,148.27,kidneybeans
25,76,23,20.74,24.69,5.6,69.83,kidneybeans
36,66,23,23.93,18.44,5.94,100.35,kidneybeans
28,71,24,15.19,21.34,5.84,125.04,kidneybeans
32,58,18,18.59,23.63,5.64,78.96,kidneybeans
39,55,25,21.77,23.8,5.65,61.29,kidneybeans
33,76,22,16.43,23.27,5.88,119.27,kidneybeans
34,76,21,15.89,21.41,5.54,96.68,kidneybeans
25,57,18,16.11,23.66,5.97,66.51,kidneybeans
39,68,18,15.77,21.5,5.9,123.64,kidneybeans
16,57,19,17.95,19.63,5.64,132.31,kidneybeans
38,65,24,18.21,21.34,5.61,117.64,kidneybeans
39,70,19,21.48,18.86,5.94,105.28,kidneybeans
26,70,21,15.72,22.78,5.62,124.26,kidneybeans
36,75,21,20.2,19.0,5.89,84.43,kidneybeans
27,62,16,21.3,18.38,5.87,88.58,kidneybeans
15,68,15,17.76,22.95,5.53,135.54,kidneybeans
15,61,22,18.16,18.71,5.68,84.34,kidneybeans
36,63,23,23.92,21.04,5.95,93.96,kidneybeans
39,57,22,19.94,20.71,5.82,123.35,kidneybeans
15,59,22,21.66,24.76,5.88,145.57,kidneybeans
33,62,16,22.82,22.51,5.52,92.4,kidneybeans
39,68,19,19.58,19.46,5.68,93.28,kidneybeans
16,74,19,23.22,23.95,5.61,119.16,kidneybeans
27,77,17,21.78,22.25,5.65,72.29,kidneybeans
31,73,18,21.45,20.77,5.86,77.93,kidneybeans
37,62,19,15.58,18.78,5.76,84.08,kidneybeans
36,55,19,18.37,18.14,5.56,97.23,kidneybeans
27,65,20,20.95,18.07,5.73,146.71,kidneybeans
28,72,18,22.74,23.41,5.76,147.84,kidneybeans
18,55,23,23.07,18.84,5.63,61.58,kidneybeans
22,74,20,18.48,20.6,5.5,86.98,kidneybeans
31,79,23,15.24,24.29,5.89,130.23,kidneybeans
26,65,18,15.66,19.6,5.62,103.57,kidneybeans
34,67,16,24.58,24.6,5.89,149.22,kidneybeans
29,79,16,18.66,19.58,5.6,72.67,kidneybeans
31,75,21,16.47,23.68,5.82,94.93,kidneybeans
32,61,18,24.17,20.03,5.73,140.11,kidneybeans
33,57,16,15.08,22.42,5.72,72.08,kidneybeans
39,68,17,20.01,22.76,5.54,84.72,kidneybeans
35,66,20,19.33,18.31,5.58,100.1,kidneybeans
20,56,23,24.81,23.55,5.93,81.78,kidneybeans
39,60,25,24.95,22.98,5.99,111.26,kidneybeans
21,66,21,15.73,22.36,5.99,77.11,kidneybeans
35,78,24,37.2,48.25,7.44,169.52,pigeonpeas
19,67,22,22.95,52.42,6.6,107.08,pigeonpeas
29,74,20,18.24,30.32,5.76,187.25,pigeonpeas
21,71,17,24.43,59.68,6.77,100.02,pigeonpeas
26,56,20,31.25,34.15,5.58,131.77,pigeonpeas
38,80,15,33.22,43.01,5.86,169.2,pigeonpeas
38,79,21,25.14,57.56,5.48,149.23,pigeonpeas
24,71,17,21.83,62.14,5.07,143.13,pigeonpeas
21,56,15,21.5,60.34,5.56,189.8,pigeonpeas
30,66,21,28.33,56.56,5.56,127.07,pigeonpeas
37,79,24,26.39,57.31,6.09,142.24,pigeonpeas
20,70,17,24.63,59.93,5.36,97.47,pigeonpeas
17,79,20,26.19,58.38,7.06,124.88,pigeonpeas
32,74,22,21.03,60.66,6.26,119.66,pigeonpeas
26,56,16,33.31,30.0,5.92,144.86,pigeonpeas
16,79,17,24.08,40.64,5.42,90.15,pigeonpeas
33,79,17,31.26,55.97,7.09,134.38,pigeonpeas
23,63,22,34.34,36.36,5.8,184.7,pigeonpeas
35,80,23,25.86,50.67,6.58,98.24,pigeonpeas
29,73,17,33.61,50.43,7.37,94.45,pigeonpeas
22,70,18,32.29,56.57,5.08,143.95,pigeonpeas
28,64,24,34.55,54.4,6.73,138.48,pigeonpeas
38,72,22,35.23,39.59,6.98,110.5,pigeonpeas
24,63,25,35.13,54.54,6.76,149.02,pigeonpeas
39,67,19,21.26,57.52,6.78,130.36,pigeonpeas
16,76,15,32.07,63.96,5.98,114.67,pigeonpeas
33,75,20,37.34,31.81,6.16,165.44,pigeonpeas
37,59,23,29.05,43.88,5.16,180.86,pigeonpeas
19,63,18,35.43,53.54,6.95,116.3,pigeonpeas
31,69,23,36.12,30.43,6.62,95.44,pigeonpeas
29,62,18,25.06,51.75,5.7,166.93,pigeonpeas
25,57,23,23.72,45.15,6.65,124.91,pigeonpeas
16,64,24,30.83,53.5,6.51,110.89,pigeonpeas
25,74,16,23.56,39.67,5.97,192.94,pigeonpeas
17,68,17,37.41,33.97,5.89,167.48,pigeonpeas
33,66,18,25.95,39.25,5.35,140.72,pigeonpeas
22,62,22,37.37,51.13,5.01,97.94,pigeonpeas
39,62,16,29.98,51.83,6.55,118.08,pigeonpeas
15,79,18,31.52,54.73,6.45,122.86,pigeonpeas
22,70,24,36.93,33.71,5.22,189.2,pigeonpeas
33,77,17,29.75,54.54,6.64,132.86,pigeonpeas
15,70,18,27.01,63.52,5.88,178.18,pigeonpeas
20,72,25,20.04,30.29,5.97,99.73,pigeonpeas
34,78,19,23.17,45.2,6.75,90.95,pigeonpeas
30,70,21,22.84,54.99,5.05,110.92,pigeonpeas
37,73,15,22.97,37.5,5.53,115.99,pigeonpeas
17,66,22,30.13,53.55,5.02,189.91,pigeonpeas
36,75,23,36.65,49.05,5.34,154.76,pigeonpeas
34,73,20,19.37,42.99,7.29,151.37,pigeonpeas
28,62,19,35.91,53.33,6.93,137.71,pigeonpeas
31,61,22,26.55,45.49,6.55,188.31,pigeonpeas
17,76,18,26.88,30.77,5.61,142.78,pigeonpeas
16,67,24,20.11,56.76,5.91,158.79,pigeonpeas
22,59,17,19.41,36.5,6.59,182.58,pigeonpeas
35,72,16,23.78,40.84,5.47,144.08,pigeonpeas
28,64,19,34.57,57.63,5.63,185.95,pigeonpeas
39,63,19,28.11,62.94,7.17,100.77,pigeonpeas
25,69,20,21.88,60.06,6.63,177.98,pigeonpeas
36,74,19,30.21,35.61,6.62,108.82,pigeonpeas
32,61,16,21.31,30.07,6.74,166.9,pigeonpeas
28,59,16,18.38,35.8,7.21,115.36,pigeonpeas
24,58,17,28.38,51.27,5.46,96.06,pigeonpeas
25,61,17,37.2,51.57,6.3,133.66,pigeonpeas
26,69,22,32.04,36.01,6.15,133.26,pigeonpeas
37,71,20,20.31,51.2,5.12,125.41,pigeonpeas
19,72,17,25.84,61.35,5.35,143.32,pigeonpeas
25,55,23,19.38,46.6,6.31,155.98,pigeonpeas
32,61,15,32.47,48.75,7.06,176.25,pigeonpeas
36,67,18,33.83,45.8,5.3,179.77,pigeonpeas
37,67,16,25.76,58.12,7.23,111.36,pigeonpeas
17,77,19,28.84,63.88,4.98,158.07,pigeonpeas
17,64,23,26.67,64.9,6.31,123.72,pigeonpeas
21,64,19,19.37,42.94,6.05,165.89,pigeonpeas
31,73,15,22.35,53.16,6.11,90.56,pigeonpeas
35,74,20,19.33,56.83,6.38,172.11,pigeonpeas
34,75,20,20.81,53.49,6.48,167.94,pigeonpeas
19,60,24,33.0,61.79,6.85,152.7,pigeonpeas
31,77,21,30.65,35.48,6.08,165.22,pigeonpeas
22,60,18,22.83,37.52,5.95,185.32,pigeonpeas
28,60,16,31.92,43.4,7.02,159.25,pigeonpeas
35,62,22,23.28,62.87,6.52,124.07,pigeonpeas
22,60,22,22.37,50.84,5.51,159.51,pigeonpeas
35,74,23,21.75,33.09,6.69,128.68,pigeonpeas
26,56,18,18.67,60.77,5.46,148.52,pigeonpeas
16,72,18,35.96,61.08,5.68,184.6,pigeonpeas
40,76,23,22.98,50.18,4.98,99.97,pigeonpeas
40,63,22,34.13,60.03,7.49,115.36,pigeonpeas
16,65,16,18.45,42.61,6.92,149.45,pigeonpeas
23,71,17,18.29,56.75,6.48,170.04,pigeonpeas
16,76,21,29.27,51.86,7.13,151.63,pigeonpeas
30,80,23,26.85,54.76,5.85,114.03,pigeonpeas
30,78,24,24.84,48.47,5.37,194.54,pigeonpeas
40,71,23,32.3,50.76,4.94,137.75,pigeonpeas
32,72,19,36.83,35.86,6.15,162.54,pigeonpeas
32,71,18,21.12,52.26,6.42,108.83,pigeonpeas
33,66,22,34.75,35.94,4.85,171.81,pigeonpeas
30,72,23,34.06,63.63,6.25,141.29,pigeonpeas
25,59,21,23.54,62.25,6.37,152.25,pigeonpeas
24,56,15,26.47,32.96,6.44,182.5,pigeonpeas
37,71,17,35.26,61.01,5.33,167.43,pigeonpeas
22,55,25,24.24,62.43,7.55,73.8,mothbeans
27,56,16,26.68,41.68,9.84,66.76,mothbeans
36,58,16,27.08,41.78,4.87,40.32,mothbeans
27,42,16,25.34,43.68,9.82,64.17,mothbeans
39,46,18,30.39,48.16,5.45,40.46,mothbeans
18,41,19,29.39,41.56,4.87,66.41,mothbeans
19,44,24,25.24,42.07,6.65,43.61,mothbeans
29,55,16,28.65,52.64,4.44,58.08,mothbeans
22,47,16,27.68,47.66,8.85,32.56,mothbeans
25,46,22,28.59,56.68,8.55,68.8,mothbeans
23,48,23,31.92,62.24,5.91,38.78,mothbeans
27,54,20,27.87,60.96,5.85,68.69,mothbeans
25,43,20,30.1,43.15,4.78,72.82,mothbeans
19,49,21,27.92,56.12,4.99,54.87,mothbeans
24,52,16,28.57,44.63,5.31,39.84,mothbeans
20,56,18,31.42,64.25,7.21,36.44,mothbeans
24,55,19,24.7,53.92,8.99,65.82,mothbeans
19,52,17,25.75,61.85,5.12,41.85,mothbeans
15,57,23,29.02,58.76,4.49,50.62,mothbeans
24,37,20,31.37,41.0,5.39,39.34,mothbeans
21,58,20,27.73,59.01,4.5,51.93,mothbeans
26,50,25,30.16,49.95,8.88,37.68,mothbeans
16,40,18,28.08,55.38,9.42,52.94,mothbeans
28,36,15,28.41,50.95,8.95,37.23,mothbeans
16,46,17,24.4,58.11,4.23,57.37,mothbeans
22,39,19,30.41,49.8,8.38,35.65,mothbeans
34,41,22,28.53,63.23,6.02,32.98,mothbeans
15,56,20,30.2,45.86,5.74,31.35,mothbeans
39,52,24,26.12,55.29,7.91,44.29,mothbeans
36,59,24,29.91,46.94,5.33,73.35,mothbeans
15,53,22,28.98,64.75,5.53,45.3,mothbeans
17,46,18,26.75,60.86,9.58,38.36,mothbeans
24,58,16,24.74,44.07,7.37,36.77,mothbeans
39,46,20,25.97,51.77,7.8,63.8,mothbeans
34,49,24,30.54,58.93,3.86,30.31,mothbeans
20,52,19,27.22,62.11,9.32,70.91,mothbeans
23,52,18,25.52,44.62,5.72,49.35,mothbeans
36,38,22,28.25,47.2,6.7,43.5,mothbeans
30,46,17,24.93,53.67,9.37,45.48,mothbeans
33,51,24,30.57,54.17,7.77,70.43,mothbeans
25,43,15,30.61,60.02,4.18,55.96,mothbeans
27,38,25,25.72,41.68,7.37,63.25,mothbeans
16,51,20,24.83,44.31,7.19,43.34,mothbeans
38,55,25,26.08,64.24,6.3,45.64,mothbeans
16,36,22,27.66,45.66,7.49,41.38,mothbeans
29,44,23,30.57,51.93,5.78,46.32,mothbeans
35,43,17,24.68,51.67,6.63,67.84,mothbeans
21,45,23,30.59,49.62,6.48,43.65,mothbeans
38,38,24,29.47,53.29,3.71,51.4,mothbeans
25,39,22,31.77,54.05,8.15,33.08,mothbeans
25,38,21,31.51,56.54,4.0,45.96,mothbeans
29,45,23,30.52,55.3,5.93,41.49,mothbeans
18,44,19,29.41,56.45,3.96,47.79,mothbeans
20,39,23,24.34,50.48,4.59,69.57,mothbeans
29,41,20,29.85,63.95,4.93,69.88,mothbeans
38,58,21,29.04,50.08,8.39,53.91,mothbeans
32,46,22,30.6,43.66,8.91,54.31,mothbeans
36,46,19,31.32,46.28,8.99,51.78,mothbeans
28,43,21,26.6,40.98,5.27,30.29,mothbeans
39,59,19,29.83,48.65,7.86,66.24,mothbeans
39,45,23,26.13,64.76,3.67,57.16,mothbeans
31,52,16,31.51,44.53,7.55,40.02,mothbeans
23,49,19,25.28,44.27,6.22,64.08,mothbeans
37,37,19,24.8,40.41,7.8,57.11,mothbeans
19,41,15,30.68,64.37,4.38,40.42,mothbeans
37,58,19,24.4,40.98,7.23,47.68,mothbeans
16,50,15,30.3,47.66,3.76,56.48,mothbeans
25,59,20,26.2,57.74,5.26,70.69,mothbeans
24,49,16,27.41,60.81,8.74,40.09,mothbeans
21,55,24,24.76,51.25,5.69,69.18,mothbeans
17,40,23,24.41,52.31,6.37,45.05,mothbeans
25,48,17,28.58,60.14,8.44,36.93,mothbeans
19,42,19,27.27,56.99,3.87,31.56,mothbeans
25,52,17,29.13,46.5,9.26,70.31,mothbeans
22,41,19,25.92,56.81,8.87,60.29,mothbeans
36,45,17,29.9,49.01,7.86,42.18,mothbeans
17,60,17,31.91,64.43,8.66,59.67,mothbeans
29,57,18,27.74,55.48,6.17,49.24,mothbeans
23,49,24,25.61,63.36,7.98,67.05,mothbeans
29,54,15,30.55,41.0,9.28,74.64,mothbeans
22,40,23,26.02,61.64,4.17,35.67,mothbeans
39,52,23,26.59,56.91,7.36,57.14,mothbeans
32,49,19,26.21,59.21,4.97,61.16,mothbeans
21,51,22,25.75,41.5,4.35,57.27,mothbeans
36,36,22,26.73,51.96,9.54,44.94,mothbeans
27,35,16,26.07,40.7,7.6,49.19,mothbeans
29,39,18,29.31,64.13,3.83,70.07,mothbeans
29,49,20,24.56,42.25,7.41,45.34,mothbeans
38,45,16,29.72,47.33,6.92,61.4,mothbeans
38,55,22,29.44,63.65,5.42,30.05,mothbeans
22,40,22,29.07,54.84,3.61,62.8,mothbeans
23,52,21,26.74,43.36,4.11,67.42,mothbeans
38,51,16,27.22,58.22,8.57,35.32,mothbeans
15,53,19,26.04,40.32,7.01,68.3,mothbeans
39,49,20,24.68,53.72,5.97,57.32,mothbeans
25,41,16,26.52,42.42,4.65,74.43,mothbeans
26,48,24,31.96,54.57,8.78,44.71,mothbeans
23,45,22,29.46,47.88,4.37,58.46,mothbeans
18,49,22,29.6,58.84,9.17,52.5,mothbeans
33,50,17,24.21,47.11,6.38,57.77,mothbeans
36,40,16,29.89,81.08,6.68,49.64,mungbean
29,37,16,27.32,85.86,6.74,40.84,mungbean
31,56,15,28.49,86.89,6.45,42.69,mungbean
30,57,23,28.75,87.3,6.56,51.02,mungbean
27,40,22,28.67,83.59,7.11,35.52,mungbean
23,36,23,29.11,83.31,6.88,44.9,mungbean
34,46,19,29.8,82.51,6.32,49.61,mungbean
39,44,16,28.02,85.06,6.36,51.45,mungbean
40,46,19,28.2,81.15,7.08,45.37,mungbean
25,51,19,28.94,80.61,7.01,58.51,mungbean
31,59,17,28.43,86.02,6.78,45.04,mungbean
23,38,19,27.49,87.34,6.41,36.46,mungbean
29,50,24,28.73,83.45,7.0,48.51,mungbean
17,49,24,28.19,82.96,6.34,38.79,mungbean
26,50,16,29.82,87.55,6.79,55.71,mungbean
17,47,21,29.49,87.83,6.48,58.52,mungbean
18,57,25,27.53,87.22,6.24,45.14,mungbean
28,50,24,29.02,84.81,7.01,58.76,mungbean
16,60,16,29.44,82.8,6.33,46.0,mungbean
31,45,16,28.8,89.02,6.58,40.41,mungbean
26,36,23,29.48,85.88,6.55,54.99,mungbean
29,56,21,29.35,85.99,6.61,58.95,mungbean
29,50,17,28.88,85.72,6.38,36.49,mungbean
30,54,20,27.68,86.67,6.28,46.05,mungbean
19,40,17,28.16,80.51,6.6,47.79,mungbean
27,45,23,27.44,85.06,6.26,36.78,mungbean
29,49,24,28.67,89.6,6.25,37.45,mungbean
16,40,20,28.94,80.46,7.15,56.05,mungbean
22,37,17,27.38,81.23,6.72,41.15,mungbean
24,60,22,29.85,81.43,6.58,48.87,mungbean
17,35,22,28.93,84.11,6.69,45.39,mungbean
16,43,17,27.3,89.57,6.8,53.22,mungbean
23,45,17,27.29,81.79,7.0,51.94,mungbean
29,47,24,27.22,82.81,6.55,54.56,mungbean
40,41,24,29.49,82.25,6.6,45.24,mungbean
39,40,23,28.0,87.31,6.62,49.46,mungbean
36,55,24,27.18,86.92,6.34,45.4,mungbean
29,45,20,29.99,81.35,6.88,44.9,mungbean
18,39,24,29.64,89.07,7.19,40.21,mungbean
24,52,20,28.26,83.58,6.79,49.39,mungbean
19,47,21,28.71,82.1,6.94,35.63,mungbean
24,55,21,27.78,86.95,6.77,54.91,mungbean
33,50,20,27.4,82.61,6.62,49.98,mungbean
28,42,15,28.49,82.86,6.93,35.6,mungbean
30,59,17,28.41,80.91,6.83,48.76,mungbean
25,48,24,27.59,80.23,7.06,49.43,mungbean
37,50,23,28.29,87.5,7.11,49.3,mungbean
20,42,17,27.74,83.06,6.76,49.7,mungbean
26,50,16,27.26,81.72,6.72,40.35,mungbean
22,45,23,27.04,86.49,6.87,54.97,mungbean
38,36,17,29.66,84.59,6.76,51.58,mungbean
32,58,25,29.16,82.87,7.08,36.23,mungbean
21,57,18,27.66,81.38,7.06,47.5,mungbean
32,41,23,29.28,83.13,6.61,40.24,mungbean
39,51,24,27.91,87.82,6.97,52.29,mungbean
39,45,16,29.02,87.29,6.78,40.17,mungbean
28,43,19,28.94,87.45,6.43,45.13,mungbean
22,40,23,29.73,83.7,6.95,57.42,mungbean
36,40,25,28.13,83.39,6.26,47.15,mungbean
18,41,18,29.43,88.75,6.5,56.47,mungbean
36,54,16,29.07,89.45,6.88,43.29,mungbean
28,51,20,27.36,83.12,7.0,56.54,mungbean
18,59,18,28.99,87.52,7.01,58.64,mungbean
23,56,16,29.12,87.42,6.88,41.31,mungbean
37,39,16,29.15,84.75,7.05,44.58,mungbean
19,56,20,27.57,87.2,6.71,50.11,mungbean
27,56,23,29.13,81.05,7.04,51.78,mungbean
32,44,24,29.18,81.13,6.61,57.16,mungbean
16,59,22,28.89,82.71,6.45,58.55,mungbean
22,54,19,27.42,80.11,6.74,59.39,mungbean
24,44,18,28.56,84.41,7.08,47.64,mungbean
28,38,25,27.75,80.73,6.86,49.88,mungbean
25,46,23,27.59,88.2,6.85,45.47,mungbean
26,41,23,28.54,83.21,6.8,59.89,mungbean
26,58,18,27.16,82.04,6.62,40.49,mungbean
15,58,23,29.23,81.68,6.32,36.69,mungbean
33,58,19,27.36,85.12,6.55,44.37,mungbean
31,53,16,27.11,89.94,6.43,36.35,mungbean
20,36,19,29.41,83.41,6.64,51.89,mungbean
28,57,24,27.03,87.78,6.66,59.72,mungbean
27,60,23,27.75,85.38,7.19,56.44,mungbean
17,53,18,27.02,84.03,6.43,55.47,mungbean
23,56,15,27.92,82.41,6.43,36.7,mungbean
20,49,18,28.25,83.77,7.08,57.63,mungbean
27,43,16,29.86,80.6,6.5,42.45,mungbean
23,39,23,27.37,86.35,6.32,36.76,mungbean
38,40,23,28.63,80.78,7.16,41.17,mungbean
36,39,24,27.04,85.12,6.97,58.37,mungbean
38,55,24,27.6,82.84,6.49,44.43,mungbean
25,49,17,29.07,81.68,6.51,47.58,mungbean
35,53,21,27.47,85.47,6.29,44.43,mungbean
25,36,18,29.87,89.54,6.55,36.08,mungbean
19,45,24,27.42,87.64,6.31,59.53,mungbean
25,54,18,28.88,81.92,6.35,58.45,mungbean
38,57,21,29.42,80.69,6.53,42.84,mungbean
31,44,16,28.79,88.14,6.58,38.31,mungbean
20,41,18,28.93,86.01,6.9,44.06,mungbean
36,40,20,29.4,81.8,6.31,57.09,mungbean
24,52,15,29.07,83.16,6.26,50.25,mungbean
21,45,16,27.44,82.98,6.29,57.77,mungbean
35,67,16,28.08,73.89,6.66,74.49,blackgram
40,74,20,33.84,68.31,7.03,62.93,blackgram
39,78,18,28.72,71.4,6.84,74.28,blackgram
53,70,24,25.5,63.86,6.97,63.4,blackgram
54,78,19,28.42,74.42,6.94,67.34,blackgram
44,78,21,32.62,72.18,6.84,66.51,blackgram
56,64,23,34.41,69.35,7.24,72.08,blackgram
56,65,16,29.02,70.11,6.95,71.23,blackgram
44,71,17,32.49,68.19,6.7,64.38,blackgram
54,67,17,34.67,70.73,7.46,66.41,blackgram
47,77,20,32.07,63.78,6.95,61.85,blackgram
40,55,15,34.77,63.64,7.16,72.59,blackgram
49,59,22,31.0,70.97,7.27,74.63,blackgram
49,64,21,25.68,73.46,6.62,64.92,blackgram
55,70,19,29.73,72.82,6.84,73.04,blackgram
37,74,23,26.82,66.46,6.67,70.6,blackgram
48,71,17,27.12,60.62,6.82,68.4,blackgram
56,72,19,34.53,70.79,7.43,67.91,blackgram
41,56,22,26.21,64.54,7.03,68.47,blackgram
50,59,19,31.17,74.55,7.23,73.84,blackgram
54,70,17,31.67,69.35,7.1,67.35,blackgram
48,63,20,26.98,72.08,6.69,61.27,blackgram
46,71,19,27.77,68.37,6.85,73.99,blackgram
58,68,18,32.37,60.55,6.97,65.04,blackgram
58,55,21,32.41,67.28,6.59,74.59,blackgram
48,70,17,29.83,66.44,6.57,61.59,blackgram
56,61,17,30.05,71.53,6.56,68.65,blackgram
38,56,16,33.34,61.77,6.55,66.57,blackgram
56,62,19,25.4,66.74,7.08,68.56,blackgram
43,63,16,28.67,61.49,7.27,74.49,blackgram
59,77,21,32.01,64.28,7.13,66.83,blackgram
47,74,18,28.18,73.87,6.56,67.28,blackgram
58,70,20,27.5,65.15,7.35,68.39,blackgram
48,57,15,34.64,65.65,7.1,61.2,blackgram
52,78,21,26.26,68.73,7.27,66.1,blackgram
57,71,24,31.24,61.97,6.81,63.03,blackgram
58,74,22,28.01,62.76,7.26,67.11,blackgram
41,70,15,28.26,67.03,6.65,74.77,blackgram
40,58,17,32.69,66.38,7.07,60.32,blackgram
36,66,23,33.85,61.3,7.04,73.7,blackgram
45,76,16,34.35,71.27,7.44,70.15,blackgram
44,78,18,28.32,70.51,7.27,73.94,blackgram
40,75,22,25.64,65.81,6.78,64.57,blackgram
60,71,22,34.77,65.66,7.3,66.52,blackgram
57,60,24,27.19,64.89,7.26,65.91,blackgram
50,66,22,27.28,60.88,6.8,67.11,blackgram
39,64,19,25.57,68.75,7.38,62.28,blackgram
50,72,19,32.01,66.16,7.0,60.11,blackgram
52,72,15,28.68,74.69,6.92,67.53,blackgram
58,73,21,32.98,72.97,6.96,67.13,blackgram
45,79,22,25.83,72.94,6.98,61.03,blackgram
49,65,24,27.04,72.4,7.06,60.82,blackgram
59,68,18,29.69,72.87,6.8,62.89,blackgram
38,62,23,29.72,63.41,6.67,64.99,blackgram
58,64,25,29.85,62.69,7.39,66.91,blackgram
53,80,16,25.97,70.81,6.78,62.76,blackgram
36,56,23,26.34,67.02,7.11,66.43,blackgram
36,75,15,32.62,73.4,6.93,68.03,blackgram
47,65,24,33.94,65.04,7.12,73.9,blackgram
59,68,20,27.79,74.38,6.64,68.7,blackgram
42,62,19,34.99,60.82,7.08,61.24,blackgram
39,66,20,27.59,64.75,6.59,64.55,blackgram
59,79,18,30.71,73.64,6.51,72.16,blackgram
59,57,17,34.61,68.06,6.51,63.86,blackgram
46,72,22,34.95,64.31,7.04,68.0,blackgram
45,59,25,33.53,67.47,7.1,63.41,blackgram
49,72,20,34.9,69.17,6.87,71.58,blackgram
39,65,18,29.32,71.73,6.98,71.91,blackgram
49,64,23,27.38,63.37,7.0,63.91,blackgram
35,71,20,29.46,74.5,7.07,72.95,blackgram
38,69,24,30.83,70.77,6.87,61.39,blackgram
46,65,24,27.44,74.5,7.46,63.71,blackgram
44,77,25,29.43,64.81,7.03,70.32,blackgram
42,73,16,25.49,65.79,6.85,64.73,blackgram
47,63,17,28.09,74.62,6.91,66.67,blackgram
49,80,17,31.81,70.74,7.11,61.33,blackgram
52,57,21,32.4,63.16,7.34,60.46,blackgram
56,67,17,26.34,74.3,6.57,62.99,blackgram
44,71,20,26.26,64.35,6.74,63.2,blackgram
45,73,17,28.67,65.86,7.48,74.32,blackgram
55,61,16,28.17,64.0,7.01,71.67,blackgram
56,76,19,31.87,64.69,6.56,70.52,blackgram
35,65,18,31.93,71.49,6.8,72.17,blackgram
42,66,22,31.93,74.81,6.73,69.93,blackgram
50,78,17,32.52,68.52,6.77,67.12,blackgram
43,69,24,30.69,69.48,7.02,60.77,blackgram
41,67,18,26.82,67.56,6.82,63.87,blackgram
47,58,24,33.68,70.61,6.61,71.64,blackgram
55,74,16,31.44,72.51,7.08,69.7,blackgram
46,68,15,31.39,61.22,6.94,64.39,blackgram
49,58,22,32.95,62.45,6.6,62.18,blackgram
57,68,20,26.07,69.74,7.37,72.42,blackgram
51,57,16,25.49,63.86,6.64,63.9,blackgram
45,79,21,33.35,70.66,6.61,71.04,blackgram
42,71,18,34.98,63.95,6.78,73.96,blackgram
36,72,22,33.36,74.62,7.48,60.98,blackgram
56,71,21,26.28,69.75,7.48,73.68,blackgram
46,56,19,33.26,70.52,6.96,60.83,blackgram
46,67,24,31.41,64.67,7.03,60.99,blackgram
59,64,20,28.55,70.24,7.16,70.73,blackgram
22,63,16,25.87,60.4,7.04,52.39,lentil
37,66,20,18.92,66.71,7.46,39.89,lentil
26,76,24,20.92,65.51,6.27,37.04,lentil
38,76,23,18.59,68.44,6.73,41.85,lentil
29,57,23,24.99,61.87,6.26,38.68,lentil
16,70,23,18.21,60.49,6.99,51.39,lentil
23,64,21,21.29,60.27,7.3,47.51,lentil
30,74,22,20.47,63.52,6.14,37.6,lentil
32,76,25,25.54,61.84,6.1,51.26,lentil
29,70,23,26.44,68.34,6.01,49.95,lentil
36,62,21,21.77,69.58,5.96,46.6,lentil
19,73,17,20.82,64.94,7.64,39.23,lentil
19,74,20,28.94,61.47,7.13,39.66,lentil
19,72,21,27.06,63.09,6.75,43.11,lentil
40,62,18,22.25,65.65,6.38,53.31,lentil
22,77,16,25.88,69.07,6.22,54.37,lentil
26,79,22,21.62,61.88,6.48,36.86,lentil
19,58,19,27.55,61.41,6.15,47.87,lentil
20,57,17,29.08,68.21,6.57,48.12,lentil
28,72,22,25.54,62.66,5.97,44.11,lentil
37,69,23,29.9,61.64,7.21,48.49,lentil
39,80,22,20.92,67.99,6.1,50.61,lentil
38,65,21,23.16,64.38,6.49,50.24,lentil
38,79,17,28.5,67.37,6.38,36.35,lentil
22,78,21,26.65,62.57,7.27,35.56,lentil
24,71,16,27.88,62.35,7.14,43.1,lentil
30,58,15,28.91,62.7,7.46,54.99,lentil
20,62,22,29.59,69.16,6.86,50.9,lentil
18,79,25,19.96,62.99,6.09,40.43,lentil
35,64,16,22.11,69.81,7.1,43.32,lentil
19,80,23,21.38,60.7,6.01,37.41,lentil
30,78,20,28.12,64.46,7.25,49.64,lentil
19,64,21,18.85,63.62,6.92,54.92,lentil
27,75,19,27.56,65.95,7.58,43.22,lentil
30,71,19,19.73,60.94,5.93,52.47,lentil
21,60,22,21.84,65.06,6.21,54.19,lentil
36,77,19,27.15,61.44,5.92,35.4,lentil
30,66,20,18.09,64.23,7.26,43.85,lentil
33,61,23,25.06,62.11,6.35,47.56,lentil
36,65,18,28.4,66.69,6.75,44.76,lentil
20,71,19,29.95,64.8,6.82,46.32,lentil
38,75,20,26.62,65.86,6.84,38.85,lentil
27,61,24,22.02,69.52,6.91,47.63,lentil
29,58,19,19.19,66.23,6.75,50.56,lentil
21,59,19,29.12,67.1,6.7,45.35,lentil
17,80,22,21.42,65.86,6.11,54.32,lentil
19,71,17,26.61,67.77,7.18,47.29,lentil
37,57,18,20.98,69.88,6.64,49.65,lentil
32,60,17,21.38,64.11,6.35,35.39,lentil
37,79,18,22.06,60.07,7.19,51.51,lentil
19,59,23,25.4,60.45,7.08,41.18,lentil
24,74,23,22.8,69.47,6.67,50.44,lentil
27,77,24,19.05,69.36,7.47,50.83,lentil
20,75,24,21.47,69.52,5.99,38.0,lentil
28,69,21,18.2,69.6,5.98,37.86,lentil
15,69,24,25.99,68.23,5.93,45.84,lentil
26,67,16,26.21,65.03,7.35,44.71,lentil
19,71,17,28.47,66.13,6.2,54.25,lentil
28,57,21,21.04,68.04,7.45,54.58,lentil
28,66,23,19.59,65.47,6.94,36.79,lentil
25,76,24,19.19,60.91,6.4,52.5,lentil
18,73,16,25.48,63.56,7.4,39.67,lentil
31,61,22,28.48,61.27,7.55,46.87,lentil
18,66,17,26.4,67.59,6.1,45.12,lentil
35,78,20,29.4,65.36,6.65,51.96,lentil
27,67,20,28.16,68.32,6.67,41.67,lentil
27,69,17,27.53,64.86,6.53,37.14,lentil
21,79,18,20.03,64.61,6.48,35.7,lentil
23,69,21,22.28,64.47,7.73,42.55,lentil
21,61,20,27.11,62.06,7.25,35.42,lentil
25,74,18,24.76,62.05,7.31,36.05,lentil
36,60,24,22.23,67.23,6.51,53.12,lentil
18,59,20,18.98,61.96,7.69,54.53,lentil
24,78,20,21.24,67.02,7.15,54.78,lentil
22,72,16,19.36,60.04,7.8,51.05,lentil
35,68,18,19.82,62.85,6.61,50.13,lentil
28,57,15,19.23,64.1,7.67,47.75,lentil
35,67,19,19.3,68.76,7.39,38.36,lentil
28,67,21,29.35,65.8,6.93,36.01,lentil
17,60,15,26.92,67.23,6.16,51.72,lentil
19,63,17,22.47,62.55,6.83,43.15,lentil
40,56,16,18.63,66.26,6.0,51.73,lentil
28,68,21,20.05,61.98,6.51,46.87,lentil
20,58,25,18.26,68.03,7.4,40.94,lentil
18,59,22,25.71,67.83,7.68,48.84,lentil
19,61,23,20.51,60.73,7.24,43.05,lentil
38,71,16,29.37,62.59,6.54,43.05,lentil
16,67,16,22.81,63.51,7.37,51.06,lentil
19,64,19,19.82,67.98,7.24,38.81,lentil
24,58,21,19.46,69.86,7.38,42.8,lentil
29,78,21,20.09,63.79,7.5,47.88,lentil
31,77,24,29.04,60.95,6.93,49.81,lentil
34,70,17,27.57,67.2,6.06,44.28,lentil
19,63,15,22.8,65.5,7.08,48.27,lentil
36,60,16,28.22,61.57,7.75,51.85,lentil
28,80,16,21.64,66.38,6.57,53.57,lentil
17,69,21,25.83,62.56,6.59,51.87,lentil
20,76,21,27.15,67.14,6.29,46.38,lentil
37,66,25,23.43,61.43,6.64,54.03,lentil
23,77,24,22.2,60.83,7.28,41.23,lentil
31,19,40,23.45,88.82,6.25,105.64,pomegranate
15,21,43,20.53,90.24,6.64,104.04,pomegranate
11,29,42,22.04,91.48,5.55,109.27,pomegranate
20,21,39,18.57,86.93,7.12,106.13,pomegranate
19,11,35,23.02,90.38,6.36,103.65,pomegranate
30,13,37,21.22,87.86,5.92,109.68,pomegranate
26,26,39,18.51,87.74,7.17,108.94,pomegranate
28,10,40,18.26,90.69,7.07,114.53,pomegranate
22,19,44,22.72,85.65,6.29,103.6,pomegranate
19,19,41,20.5,86.64,6.36,112.45,pomegranate
27,17,44,24.39,87.09,5.57,111.12,pomegranate
33,29,44,22.2,90.3,5.55,103.7,pomegranate
18,23,41,23.2,87.8,6.46,101.32,pomegranate
17,25,42,24.93,87.78,6.35,104.94,pomegranate
18,27,42,24.18,87.04,6.98,100.9,pomegranate
36,17,38,21.58,94.41,5.58,105.28,pomegranate
34,18,37,20.97,88.86,7.06,111.43,pomegranate
20,30,40,18.41,87.62,6.24,102.35,pomegranate
38,25,38,22.14,92.21,7.1,113.22,pomegranate
21,25,41,21.87,86.15,5.71,107.94,pomegranate
11,10,42,18.23,90.95,6.42,114.53,pomegranate
19,11,41,23.89,94.97,6.23,104.8,pomegranate
36,14,41,20.84,85.41,6.09,103.98,pomegranate
27,29,38,23.68,85.55,6.41,101.06,pomegranate
37,25,42,23.77,91.48,7.15,110.71,pomegranate
37,20,36,21.7,86.27,6.51,107.24,pomegranate
25,10,37,21.44,94.51,6.15,106.37,pomegranate
29,22,38,20.88,87.18,7.14,101.96,pomegranate
15,11,37,23.46,87.01,5.64,107.12,pomegranate
0,12,43,23.4,94.15,6.95,110.25,pomegranate
2,26,43,23.59,90.08,5.9,112.68,pomegranate
29,30,37,19.58,87.12,6.85,102.8,pomegranate
3,30,35,23.85,88.65,6.93,108.32,pomegranate
36,29,35,18.53,87.5,6.64,113.32,pomegranate
18,22,37,23.63,94.67,5.96,107.42,pomegranate
3,21,40,19.01,89.42,6.07,107.83,pomegranate
23,10,43,22.99,88.66,5.59,111.32,pomegranate
38,15,38,19.29,90.77,5.76,105.34,pomegranate
28,21,39,20.94,90.62,5.51,101.18,pomegranate
35,12,42,24.44,87.71,6.13,108.53,pomegranate
35,29,42,18.61,91.69,6.2,107.06,pomegranate
2,14,43,21.18,88.02,6.15,112.82,pomegranate
30,15,36,19.76,94.21,6.49,108.0,pomegranate
24,17,43,21.66,86.17,5.72,108.05,pomegranate
37,16,44,23.35,87.48,5.56,101.53,pomegranate
29,14,39,21.51,92.25,5.69,106.1,pomegranate
19,21,43,19.2,93.08,6.68,108.34,pomegranate
28,18,36,22.66,90.25,6.59,105.07,pomegranate
36,22,36,21.15,92.56,6.85,107.42,pomegranate
36,15,39,24.29,93.96,6.67,112.88,pomegranate
4,27,38,19.25,87.39,6.21,103.77,pomegranate
13,13,38,22.01,89.42,6.09,111.2,pomegranate
36,25,38,23.21,86.52,5.72,105.18,pomegranate
32,15,36,18.92,93.59,6.58,103.8,pomegranate
22,21,42,19.63,93.64,6.03,110.41,pomegranate
1,17,39,21.8,85.73,6.84,103.27,pomegranate
27,26,41,23.19,91.62,6.1,112.13,pomegranate
12,21,42,20.65,88.03,6.28,112.27,pomegranate
37,21,42,24.32,85.99,5.89,110.63,pomegranate
33,27,39,18.63,89.38,5.89,104.37,pomegranate
31,12,43,20.99,90.96,5.65,105.06,pomegranate
4,29,43,21.22,87.24,7.09,105.17,pomegranate
6,21,44,18.03,87.38,7.1,102.57,pomegranate
5,21,44,21.34,94.95,6.65,101.11,pomegranate
40,18,38,21.91,88.04,5.65,100.02,pomegranate
18,27,41,24.99,87.87,5.98,102.4,pomegranate
7,16,43,24.34,94.75,5.89,113.22,pomegranate
13,12,44,22.45,86.65,6.23,104.31,pomegranate
29,19,45,18.38,88.55,6.32,107.55,pomegranate
13,25,44,24.57,93.05,6.95,108.26,pomegranate
33,16,39,20.22,89.67,5.99,114.42,pomegranate
13,12,40,18.4,86.11,5.87,106.97,pomegranate
17,26,42,20.98,88.34,6.04,111.61,pomegranate
2,10,43,21.34,86.31,5.9,113.99,pomegranate
34,24,40,21.64,94.75,7.14,103.23,pomegranate
32,14,37,22.73,89.05,7.08,101.34,pomegranate
20,28,44,19.1,88.67,6.55,102.39,pomegranate
39,28,37,18.85,85.85,7.05,102.9,pomegranate
17,19,41,18.5,87.27,7.08,113.63,pomegranate
31,10,38,22.4,87.75,7.05,109.51,pomegranate
3,28,45,18.54,90.32,6.02,105.89,pomegranate
7,22,45,21.52,85.83,6.55,105.1,pomegranate
34,19,37,19.34,92.69,5.95,111.51,pomegranate
8,16,40,24.6,94.32,5.85,105.37,pomegranate
6,20,40,24.31,94.3,6.15,107.38,pomegranate
36,26,35,20.24,89.22,5.89,102.99,pomegranate
2,23,38,18.37,87.31,6.86,112.77,pomegranate
19,18,45,19.4,87.15,6.0,102.59,pomegranate
15,28,41,20.88,94.34,5.58,103.15,pomegranate
23,22,35,20.82,91.49,6.69,109.57,pomegranate
13,12,39,18.9,94.48,6.31,104.76,pomegranate
31,20,38,23.68,93.67,6.64,100.7,pomegranate
23,25,36,19.6,93.82,5.53,111.29,pomegranate
19,19,35,23.74,88.6,6.42,110.16,pomegranate
28,29,40,20.8,94.54,6.59,104.47,pomegranate
5,27,39,22.62,89.71,5.84,109.03,pomegranate
2,18,40,21.05,92.49,6.91,111.57,pomegranate
2,14,40,24.54,93.35,6.93,104.55,pomegranate
17,19,37,18.22,94.47,5.91,103.6,pomegranate
3,29,41,22.67,94.12,6.09,109.32,pomegranate
102,75,53,28.83,78.51,5.88,106.01,banana
100,76,47,26.25,83.06,5.78,95.75,banana
120,92,47,25.39,78.56,6.25,106.52,banana
133,94,53,28.02,79.93,5.54,119.53,banana
115,74,52,26.42,80.86,6.09,103.37,banana
133,77,49,27.69,81.64,6.28,101.84,banana
126,74,54,26.92,82.3,5.52,96.16,banana
119,92,50,29.65,79.84,5.99,93.59,banana
132,76,54,29.55,84.43,6.02,110.31,banana
131,73,51,25.17,79.98,5.65,95.49,banana
115,81,51,25.37,80.04,5.68,107.22,banana
125,84,52,26.68,82.65,5.93,104.53,banana
126,70,52,28.09,78.1,5.59,92.73,banana
137,87,46,26.78,80.92,6.34,91.31,banana
109,92,45,26.01,84.59,6.11,97.85,banana
103,71,47,29.41,79.16,6.22,117.55,banana
116,75,50,29.54,83.04,5.57,110.78,banana
123,93,46,27.67,83.79,5.91,104.46,banana
103,77,48,29.73,77.83,5.96,110.14,banana
106,82,52,29.33,81.26,6.17,93.79,banana
138,73,53,26.32,84.34,6.22,112.61,banana
109,81,51,28.85,76.04,6.46,116.71,banana
111,91,50,27.31,78.14,6.08,111.9,banana
116,86,52,28.56,75.52,6.36,103.75,banana
110,76,50,29.43,78.78,6.25,92.9,banana
119,95,53,26.05,80.01,5.73,102.29,banana
131,89,47,29.61,80.93,5.88,105.06,banana
124,84,50,27.52,76.76,6.31,106.25,banana
105,89,54,29.74,78.69,5.64,105.55,banana
105,93,47,26.26,79.07,5.88,113.84,banana
118,74,48,27.55,76.47,6.11,106.97,banana
129,93,54,29.73,77.45,5.63,99.07,banana
136,94,54,25.55,84.47,5.92,90.28,banana
118,71,50,26.69,79.73,6.11,116.06,banana
126,81,53,29.53,76.2,6.03,98.54,banana
102,87,54,25.81,83.12,6.35,117.43,banana
111,93,48,27.76,75.51,5.54,111.61,banana
118,76,47,28.35,75.0,6.31,92.38,banana
108,80,50,26.77,78.21,6.46,109.25,banana
101,81,54,26.51,75.95,6.26,108.18,banana
123,71,46,28.11,77.08,6.0,106.35,banana
111,94,53,28.61,75.78,5.61,104.78,banana
106,94,47,27.44,78.64,6.14,93.87,banana
117,77,54,25.2,84.14,6.33,98.93,banana
132,71,55,27.63,78.03,5.86,91.99,banana
140,71,52,27.21,84.49,5.75,105.96,banana
119,88,46,25.97,77.15,6.24,95.67,banana
123,75,54,29.71,80.18,5.85,97.02,banana
102,77,52,27.67,84.44,5.9,110.82,banana
120,83,48,27.27,79.71,6.21,118.22,banana
113,71,50,27.72,76.68,6.26,119.55,banana
138,75,54,28.52,79.54,6.04,115.49,banana
119,79,50,27.9,76.89,6.4,110.23,banana
125,72,51,25.6,75.79,6.03,102.08,banana
124,72,49,25.87,84.87,6.06,110.62,banana
113,72,55,26.43,79.24,6.15,90.74,banana
132,83,48,25.31,76.62,6.4,110.58,banana
110,72,52,27.86,79.05,5.86,96.5,banana
127,94,47,27.99,79.24,5.95,97.62,banana
133,82,50,26.52,76.82,5.59,111.42,banana
108,87,49,27.08,79.69,5.87,93.02,banana
112,87,52,26.43,79.6,5.69,96.31,banana
101,92,47,26.14,77.8,5.63,109.18,banana
103,73,51,26.7,82.08,6.06,97.68,banana
126,73,50,27.19,77.68,6.1,116.14,banana
140,85,49,26.13,77.57,5.98,101.02,banana
137,79,49,26.92,83.37,6.15,108.43,banana
113,90,45,29.35,80.13,5.9,104.92,banana
127,70,54,27.23,78.43,5.64,103.18,banana
120,80,52,27.1,84.61,6.1,114.22,banana
104,80,48,27.85,83.61,5.58,92.18,banana
134,75,52,27.71,83.33,5.63,93.89,banana
122,94,49,26.63,81.07,6.43,115.11,banana
140,71,46,28.05,83.21,5.79,97.18,banana
131,71,49,27.53,80.6,6.23,100.65,banana
125,85,50,28.2,77.59,5.58,93.58,banana
109,83,53,28.51,82.89,5.85,102.14,banana
116,75,46,27.95,84.89,5.67,91.4,banana
131,76,53,28.52,84.46,5.91,109.86,banana
119,86,49,25.94,80.08,6.03,114.32,banana
129,87,46,28.6,80.0,6.39,117.6,banana
102,91,45,26.84,80.42,5.65,112.39,banana
100,74,51,28.57,84.17,6.21,110.15,banana
116,70,46,27.67,81.75,5.92,111.92,banana
121,72,47,29.2,82.25,6.39,93.53,banana
140,75,45,29.99,77.81,6.17,95.3,banana
123,93,48,28.35,76.88,6.12,100.09,banana
108,78,47,29.51,78.97,5.75,103.45,banana
113,89,55,27.19,83.61,6.07,94.72,banana
128,83,52,29.45,79.4,6.4,112.52,banana
120,85,48,29.92,81.67,5.54,99.8,banana
125,71,45,27.25,78.33,5.94,97.88,banana
107,87,50,26.0,78.2,6.09,92.17,banana
106,72,53,28.76,82.53,6.22,110.08,banana
119,86,45,28.11,82.78,6.0,100.73,banana
111,86,52,29.35,78.42,6.27,106.84,banana
135,83,50,27.89,82.49,6.46,92.21,banana
102,93,50,28.07,79.82,5.59,113.04,banana
130,78,48,29.19,75.72,6.38,97.7,banana
124,93,52,27.07,81.9,5.84,98.32,banana
40,34,31,30.2,45.49,4.58,91.08,mango
30,28,33,27.3,48.67,5.09,88.95,mango
3,39,27,35.3,49.26,6.96,91.08,mango
37,15,32,35.13,46.4,4.74,88.49,mango
37,29,30,28.27,45.01,6.53,81.75,mango
25,38,27,32.99,45.79,6.01,83.28,mango
29,23,30,32.39,46.71,6.35,86.05,mango
26,19,32,28.15,49.25,5.12,94.97,mango
10,37,34,28.77,51.14,4.72,87.83,mango
29,31,31,29.54,48.78,4.76,94.38,mango
20,33,27,29.92,48.34,4.56,86.82,mango
32,37,30,31.1,45.31,6.7,80.26,mango
38,27,28,35.32,45.24,5.95,90.98,mango
9,26,32,33.54,45.01,6.84,83.29,mango
9,22,25,28.11,54.86,5.29,82.31,mango
4,33,34,29.31,45.21,5.06,81.13,mango
4,26,27,31.64,47.53,6.85,98.12,mango
23,24,29,30.71,52.28,5.63,97.13,mango
38,23,31,27.86,47.0,5.53,84.12,mango
35,19,30,32.45,51.92,5.46,97.38,mango
23,26,26,31.18,53.21,6.04,96.64,mango
20,18,25,29.73,51.98,6.48,85.92,mango
20,26,29,29.08,46.36,4.99,81.11,mango
8,15,31,29.85,54.73,4.98,86.92,mango
14,15,33,27.29,54.4,6.73,90.71,mango
22,31,29,32.83,45.45,4.64,89.14,mango
22,37,26,34.4,47.1,5.49,86.33,mango
16,19,30,34.21,49.42,5.73,96.98,mango
28,27,28,34.96,50.77,5.05,85.38,mango
32,16,35,28.17,52.96,5.49,89.84,mango
35,25,30,27.44,45.02,5.11,93.61,mango
5,18,29,32.83,52.12,4.95,81.59,mango
38,22,34,34.77,52.73,4.92,96.44,mango
31,30,28,29.36,46.22,5.77,91.71,mango
14,27,29,32.77,54.01,4.91,87.63,mango
6,31,32,35.39,47.79,6.88,81.27,mango
24,16,34,31.77,51.69,6.58,83.01,mango
2,37,28,28.16,49.68,6.0,80.62,mango
11,16,29,35.06,54.83,6.09,83.23,mango
36,28,27,35.3,52.57,6.33,94.18,mango
8,20,32,28.98,49.39,6.46,95.68,mango
18,35,33,32.89,47.28,5.19,86.3,mango
5,22,27,31.1,54.08,4.76,94.41,mango
27,17,34,32.12,48.64,6.39,85.15,mango
28,16,33,31.03,51.37,5.05,93.54,mango
31,27,31,31.11,53.94,5.74,96.84,mango
32,25,27,30.65,53.26,5.07,90.49,mango
32,24,31,29.21,46.09,6.49,81.98,mango
11,36,28,35.76,54.8,5.17,80.82,mango
28,26,26,33.37,45.31,6.68,82.77,mango
5,19,35,33.24,53.01,5.49,86.73,mango
9,27,31,32.69,47.57,6.87,83.4,mango
39,15,30,30.0,49.49,5.93,88.71,mango
17,33,32,34.5,47.5,6.02,91.7,mango
15,27,28,28.28,47.14,4.76,93.66,mango
26,39,32,27.47,53.84,6.66,88.87,mango
23,39,30,35.15,45.83,4.98,88.82,mango
23,35,35,30.5,45.47,6.5,92.09,mango
8,27,32,33.93,50.0,5.26,99.47,mango
27,25,28,33.58,47.42,4.93,90.6,mango
12,31,26,32.89,47.83,4.5,82.54,mango
37,37,27,34.01,51.09,6.93,87.47,mango
27,17,29,35.67,50.39,5.22,82.41,mango
28,31,29,35.56,45.22,5.26,98.42,mango
13,21,30,34.41,46.03,6.86,95.9,mango
7,33,29,30.62,52.83,6.91,82.53,mango
17,27,29,30.27,45.52,6.21,88.72,mango
8,35,33,31.38,47.98,6.1,85.76,mango
9,33,25,27.85,45.07,4.88,81.38,mango
40,22,26,29.17,54.36,5.8,87.3,mango
35,25,28,28.87,48.78,5.29,93.55,mango
12,29,26,28.72,49.07,6.84,87.55,mango
27,21,26,27.53,48.05,4.89,83.48,mango
30,15,31,30.42,50.07,5.91,86.27,mango
12,33,34,28.73,45.98,6.74,87.0,mango
22,24,26,32.3,50.25,5.01,89.04,mango
32,30,26,31.93,52.03,6.48,92.58,mango
6,33,32,27.22,49.12,5.33,93.39,mango
9,30,34,34.18,54.21,6.95,80.21,mango
25,25,34,29.27,54.81,6.03,95.87,mango
3,20,33,27.2,53.17,4.53,93.14,mango
15,30,32,30.08,46.08,4.67,91.78,mango
21,34,30,30.8,48.98,4.57,86.71,mango
39,37,28,32.29,53.47,5.6,80.36,mango
3,28,35,33.24,45.71,4.97,95.43,mango
34,30,31,27.26,53.29,6.47,85.18,mango
28,20,25,28.81,46.79,5.34,88.37,mango
20,27,28,27.26,51.05,5.49,85.97,mango
35,34,34,31.45,46.31,6.24,84.12,mango
18,17,33,28.13,54.03,6.66,89.29,mango
30,30,33,30.89,52.86,5.66,98.82,mango
19,27,33,34.39,50.54,4.95,89.36,mango
39,34,33,27.3,49.68,6.12,96.6,mango
2,36,30,28.78,48.17,5.2,90.62,mango
2,19,33,28.19,47.33,5.63,90.34,mango
31,26,33,32.57,46.13,4.89,88.74,mango
16,34,31,30.49,46.71,5.07,91.51,mango
17,28,27,32.97,53.53,5.14,89.83,mango
39,23,31,27.81,51.06,4.72,99.18,mango
29,35,32,32.31,49.5,6.65,99.14,mango
30,143,201,25.23,82.27,5.71,65.04,grapes
25,133,199,22.35,84.9,5.85,69.52,grapes
23,121,203,26.26,83.8,5.65,70.72,grapes
25,126,195,12.17,81.55,5.62,74.86,grapes
26,123,197,26.81,80.32,6.36,74.61,grapes
25,131,195,28.5,82.07,5.77,67.07,grapes
33,130,197,30.05,82.83,6.36,66.17,grapes
36,137,196,30.23,82.21,6.44,66.42,grapes
33,130,205,18.56,84.81,6.4,67.7,grapes
36,145,198,21.98,82.6,5.79,65.15,grapes
24,127,199,13.48,84.37,6.2,65.85,grapes
33,136,205,8.1,81.24,6.43,74.32,grapes
34,139,196,24.44,81.16,5.68,73.1,grapes
23,132,204,13.95,84.89,6.49,70.56,grapes
23,128,199,17.9,81.4,6.47,66.53,grapes
35,120,201,37.31,81.44,5.69,71.52,grapes
34,137,198,16.07,84.78,6.42,69.57,grapes
37,131,199,13.02,82.13,6.04,65.23,grapes
29,140,202,28.33,84.55,5.52,70.57,grapes
36,134,198,12.36,84.44,5.97,73.78,grapes
32,137,203,29.09,81.99,6.01,73.03,grapes
27,130,196,37.27,80.46,6.15,69.13,grapes
28,137,196,27.0,83.86,6.33,66.71,grapes
38,136,204,23.53,82.71,6.42,74.0,grapes
29,127,199,20.41,81.43,5.77,73.61,grapes
21,137,197,19.02,80.31,5.77,72.68,grapes
38,126,200,23.05,84.37,6.26,70.13,grapes
33,141,195,20.89,84.54,6.24,70.43,grapes
31,129,200,28.97,82.09,6.21,73.61,grapes
23,131,199,30.0,81.25,6.14,73.77,grapes
28,143,205,11.39,81.17,6.45,74.58,grapes
22,120,197,39.87,80.9,6.0,73.48,grapes
20,135,198,35.59,81.42,6.19,71.74,grapes
24,121,199,17.25,84.04,6.3,69.57,grapes
32,135,203,21.6,81.38,5.77,70.36,grapes
29,131,196,31.0,81.07,5.7,69.13,grapes
25,135,199,22.37,82.69,5.7,66.56,grapes
38,131,199,9.14,82.49,6.05,70.59,grapes
34,124,198,33.94,84.74,5.64,69.98,grapes
24,122,198,12.6,83.55,6.03,66.44,grapes
20,140,197,27.4,81.68,6.09,68.16,grapes
22,126,197,21.7,83.29,5.76,65.12,grapes
30,135,205,26.86,82.36,6.07,74.28,grapes
37,128,197,16.4,82.52,6.24,70.03,grapes
21,138,203,17.26,83.32,5.93,73.89,grapes
37,133,202,36.27,82.48,5.81,72.54,grapes
24,130,204,31.18,82.02,5.71,68.56,grapes
26,124,202,16.07,82.27,5.89,74.82,grapes
28,122,196,26.9,83.0,5.92,69.32,grapes
21,133,200,12.79,80.52,5.62,66.01,grapes
32,125,198,13.55,84.79,6.35,67.3,grapes
27,125,200,8.63,83.36,6.02,73.99,grapes
23,140,203,12.07,81.99,5.67,67.55,grapes
25,134,199,38.33,80.63,6.47,67.31,grapes
35,128,196,35.45,81.54,6.16,70.66,grapes
29,132,202,10.81,83.34,6.4,65.58,grapes
23,138,199,20.91,80.68,6.01,66.27,grapes
30,139,198,23.39,84.96,6.19,73.41,grapes
28,139,195,11.93,81.02,5.9,73.46,grapes
27,136,202,26.76,81.79,6.08,68.42,grapes
22,145,196,10.32,84.39,5.8,71.5,grapes
27,130,198,18.98,82.05,6.22,70.12,grapes
39,121,200,26.7,84.6,5.55,70.73,grapes
37,126,204,8.61,83.66,6.43,71.57,grapes
29,121,204,23.05,80.14,6.19,69.82,grapes
22,125,196,26.38,83.11,6.01,73.17,grapes
37,135,195,30.25,82.09,6.07,71.49,grapes
27,143,196,29.49,80.02,6.42,66.13,grapes
22,128,199,14.86,82.93,5.94,65.34,grapes
26,140,202,31.2,83.49,5.81,66.0,grapes
25,141,205,23.8,80.05,5.64,68.22,grapes
32,122,204,19.68,84.56,6.28,72.55,grapes
32,136,201,28.12,82.77,6.49,72.32,grapes
36,142,197,10.68,82.41,6.01,73.29,grapes
29,134,200,9.22,83.08,6.33,66.58,grapes
32,135,197,11.95,84.9,5.89,67.27,grapes
23,137,201,28.59,80.44,6.39,68.89,grapes
26,132,199,35.63,84.65,5.8,73.64,grapes
36,143,197,26.46,81.37,6.32,65.05,grapes
31,128,198,28.64,84.26,6.11,73.53,grapes
25,133,200,8.37,82.78,6.16,70.92,grapes
35,134,196,11.73,82.98,5.77,65.8,grapes
29,134,198,31.05,83.22,5.83,72.55,grapes
33,136,201,8.36,83.48,5.88,74.43,grapes
36,135,198,14.52,81.7,5.98,67.96,grapes
30,124,205,11.45,84.66,6.41,70.25,grapes
34,131,201,18.9,81.51,6.08,69.98,grapes
32,127,199,10.68,80.26,5.75,65.74,grapes
22,140,195,29.09,81.36,6.37,69.85,grapes
26,133,199,26.06,80.57,6.5,69.26,grapes
27,138,199,34.66,82.27,6.22,66.07,grapes
37,138,197,12.65,81.58,6.48,67.57,grapes
29,121,199,26.28,84.77,6.02,73.19,grapes
31,121,198,26.42,84.75,6.36,67.28,grapes
24,125,204,35.29,83.87,5.89,70.04,grapes
29,126,200,8.98,80.66,6.39,72.52,grapes
28,133,199,31.7,83.92,6.26,72.23,grapes
24,128,200,18.59,83.77,5.83,66.38,grapes
28,144,197,27.59,82.16,5.57,69.88,grapes
34,133,204,17.25,80.43,6.44,68.78,grapes
103,26,48,26.15,81.35,6.29,42.89,watermelon
112,14,52,26.83,85.28,6.54,49.22,watermelon
93,20,51,26.96,89.38,6.86,57.78,watermelon
99,23,54,25.18,89.62,6.42,52.02,watermelon
108,29,47,26.24,85.21,6.27,55.53,watermelon
102,23,48,25.44,86.17,6.4,43.97,watermelon
118,20,52,25.23,83.55,6.41,48.18,watermelon
102,21,50,24.4,84.96,6.17,42.52,watermelon
117,22,52,25.21,89.09,6.64,55.38,watermelon
95,29,53,26.56,81.72,6.27,45.71,watermelon
91,27,45,24.23,82.74,6.2,44.64,watermelon
112,21,45,25.29,84.08,6.11,53.52,watermelon
108,24,52,24.0,89.54,6.81,58.08,watermelon
81,29,53,26.51,80.93,6.74,59.2,watermelon
107,21,54,25.33,85.99,6.48,58.66,watermelon
83,20,52,26.38,85.83,6.91,58.84,watermelon
83,18,45,24.99,85.37,6.91,56.93,watermelon
85,12,51,25.6,82.66,6.9,58.55,watermelon
96,28,49,26.21,84.76,6.12,58.56,watermelon
98,25,49,24.06,81.01,6.5,53.8,watermelon
93,24,52,26.11,84.93,6.91,49.78,watermelon
98,14,48,24.13,86.34,6.25,46.08,watermelon
111,17,47,24.51,87.75,6.13,49.08,watermelon
100,24,51,26.43,80.45,6.3,45.6,watermelon
86,16,48,25.57,86.64,6.38,54.39,watermelon
93,16,50,24.07,80.8,6.42,58.86,watermelon
109,12,53,26.2,86.11,6.82,48.08,watermelon
89,20,50,25.61,85.65,6.95,58.04,watermelon
115,26,54,24.3,82.65,6.5,56.93,watermelon
100,25,46,24.76,87.32,6.16,47.03,watermelon
91,17,52,25.1,85.55,6.1,56.1,watermelon
95,23,52,24.63,88.85,6.62,48.57,watermelon
87,29,53,24.62,83.38,6.81,53.91,watermelon
111,19,52,25.16,82.11,6.63,59.52,watermelon
92,19,52,25.62,88.43,6.76,41.17,watermelon
120,25,54,25.95,88.56,6.11,46.95,watermelon
115,14,46,26.36,88.35,6.16,57.09,watermelon
107,20,53,25.26,81.94,6.28,50.1,watermelon
101,26,53,25.74,87.81,6.19,41.0,watermelon
115,12,47,26.09,84.09,6.88,45.96,watermelon
80,16,51,25.13,85.35,6.88,58.25,watermelon
91,19,50,26.85,89.99,6.24,54.54,watermelon
95,10,45,25.38,84.88,6.02,53.74,watermelon
92,21,48,24.5,84.07,6.23,50.7,watermelon
88,20,47,26.01,87.54,6.11,49.36,watermelon
83,22,48,25.58,85.17,6.92,50.98,watermelon
103,18,54,26.33,82.85,6.84,48.65,watermelon
113,26,47,26.1,82.91,6.3,45.93,watermelon
109,15,45,26.15,81.71,6.1,44.75,watermelon
95,20,45,26.91,87.16,6.32,46.37,watermelon
98,23,46,24.57,88.59,6.26,47.6,watermelon
115,23,48,26.05,80.2,6.74,49.74,watermelon
113,29,54,26.73,85.12,6.36,49.3,watermelon
108,28,47,26.75,88.15,6.98,57.61,watermelon
91,12,46,24.87,86.14,6.8,57.99,watermelon
105,10,47,24.3,83.63,6.5,40.87,watermelon
94,14,51,25.39,84.95,6.43,59.12,watermelon
89,20,52,25.67,89.29,6.38,49.27,watermelon
84,22,48,24.48,85.45,6.53,41.52,watermelon
108,22,47,25.41,87.2,6.53,47.91,watermelon
93,22,54,26.02,80.75,6.46,57.82,watermelon
84,30,54,24.23,89.33,6.36,56.89,watermelon
97,19,51,26.32,80.34,6.59,43.73,watermelon
94,17,50,25.0,81.07,6.15,40.67,watermelon
99,29,46,26.84,87.33,6.64,52.91,watermelon
113,12,50,26.09,85.87,6.83,41.45,watermelon
108,21,49,25.02,86.21,6.89,49.92,watermelon
113,18,46,24.18,80.51,6.38,46.74,watermelon
109,25,46,24.66,82.74,6.55,42.89,watermelon
85,29,53,24.54,84.07,6.36,55.82,watermelon
100,13,52,25.19,82.63,6.38,49.96,watermelon
94,15,49,24.06,87.72,6.17,40.88,watermelon
106,25,53,25.48,82.05,6.74,53.99,watermelon
90,28,46,26.95,88.6,6.69,58.77,watermelon
109,14,49,24.21,83.9,6.74,47.73,watermelon
93,22,54,24.14,83.85,6.16,53.91,watermelon
84,23,48,24.6,89.36,6.02,48.76,watermelon
81,20,50,24.96,81.32,6.38,53.45,watermelon
111,21,51,24.6,82.87,6.16,44.99,watermelon
89,20,51,26.83,81.96,6.64,56.35,watermelon
102,15,48,24.12,83.05,6.74,40.95,watermelon
89,24,53,25.37,86.98,6.39,43.2,watermelon
96,22,54,24.21,85.07,6.33,50.17,watermelon
81,16,53,25.66,84.51,6.29,45.96,watermelon
95,27,55,25.32,83.93,6.85,48.54,watermelon
102,15,52,25.6,88.09,6.78,44.3,watermelon
109,26,48,24.52,80.03,6.45,47.05,watermelon
102,14,54,24.77,82.26,6.48,49.98,watermelon
89,15,47,26.16,87.7,6.46,54.28,watermelon
109,13,55,26.46,82.04,6.19,42.51,watermelon
86,25,50,26.35,87.46,6.6,53.73,watermelon
81,16,51,24.03,80.33,6.85,53.68,watermelon
91,24,53,24.92,80.36,6.93,46.9,watermelon
84,20,53,24.66,82.69,6.24,59.83,watermelon
88,22,54,24.44,89.71,6.95,57.69,watermelon
89,23,53,26.96,81.8,6.77,46.78,watermelon
87,18,53,25.39,85.38,7.0,47.98,watermelon
105,17,49,26.09,89.38,6.54,55.37,watermelon
84,14,50,24.06,82.53,6.52,40.3,watermelon
91,20,51,26.78,86.45,6.41,58.61,watermelon
111,14,46,29.03,92.8,6.55,27.39,muskmelon
105,30,50,27.34,94.14,6.18,27.77,muskmelon
118,24,51,28.38,91.82,6.25,26.36,muskmelon
110,24,47,28.48,93.96,6.33,25.37,muskmelon
111,23,49,29.69,90.81,6.7,21.19,muskmelon
81,28,47,29.19,94.06,6.6,29.92,muskmelon
92,24,46,28.22,94.24,6.26,25.91,muskmelon
100,23,55,27.17,92.87,6.6,24.81,muskmelon
83,21,48,27.46,94.25,6.37,29.33,muskmelon
112,24,45,28.28,90.99,6.64,21.75,muskmelon
91,20,48,27.63,93.0,6.06,20.58,muskmelon
95,24,51,28.27,92.83,6.26,29.36,muskmelon
82,23,54,29.41,90.92,6.21,27.17,muskmelon
83,26,52,29.19,90.5,6.5,26.8,muskmelon
113,11,45,28.12,90.74,6.39,29.17,muskmelon
96,27,45,27.51,90.15,6.23,29.08,muskmelon
84,22,50,29.82,90.61,6.15,20.3,muskmelon
97,16,54,28.81,93.07,6.37,20.92,muskmelon
98,30,53,29.68,94.12,6.07,22.27,muskmelon
80,16,46,28.42,93.39,6.61,27.49,muskmelon
118,11,45,28.98,91.45,6.18,23.31,muskmelon
91,20,49,28.54,93.36,6.27,22.51,muskmelon
87,17,52,29.27,93.33,6.16,25.88,muskmelon
103,20,50,28.48,92.83,6.5,21.1,muskmelon
110,13,46,29.93,94.78,6.04,24.43,muskmelon
87,20,53,29.85,93.17,6.25,26.03,muskmelon
92,28,54,28.67,91.62,6.21,20.33,muskmelon
113,19,48,28.41,94.09,6.09,28.58,muskmelon
116,29,49,27.65,91.87,6.23,21.76,muskmelon
104,20,54,27.1,93.22,6.53,27.59,muskmelon
115,25,54,28.0,92.52,6.01,20.07,muskmelon
90,12,48,27.53,90.14,6.64,20.08,muskmelon
109,13,54,29.68,93.27,6.47,20.05,muskmelon
119,28,54,28.98,91.72,6.63,22.92,muskmelon
103,12,54,27.42,91.12,6.39,27.64,muskmelon
105,15,45,29.27,94.93,6.57,24.6,muskmelon
116,18,50,28.43,92.24,6.54,25.27,muskmelon
93,15,45,28.75,91.15,6.1,26.54,muskmelon
107,25,50,29.68,94.68,6.57,26.36,muskmelon
92,30,48,27.61,92.21,6.04,29.78,muskmelon
104,21,52,28.49,90.16,6.43,27.16,muskmelon
97,25,47,27.66,90.81,6.26,28.47,muskmelon
113,18,51,29.16,91.21,6.12,29.72,muskmelon
105,30,48,29.11,91.11,6.18,25.12,muskmelon
93,13,48,27.11,93.52,6.34,20.94,muskmelon
87,12,51,27.28,93.77,6.01,22.49,muskmelon
116,24,46,29.46,92.47,6.59,26.01,muskmelon
107,30,47,28.87,92.3,6.03,20.14,muskmelon
85,23,51,28.66,90.16,6.33,29.25,muskmelon
96,22,53,29.35,92.6,6.6,23.91,muskmelon
116,15,48,27.16,93.98,6.29,22.29,muskmelon
89,28,53,28.66,93.08,6.33,23.92,muskmelon
117,13,49,28.03,92.49,6.32,25.19,muskmelon
86,20,47,27.55,90.32,6.53,24.27,muskmelon
105,25,52,28.41,91.94,6.26,26.4,muskmelon
100,27,54,27.51,90.68,6.44,23.01,muskmelon
81,28,47,29.79,93.59,6.53,22.01,muskmelon
89,20,47,27.92,91.61,6.11,22.05,muskmelon
112,13,45,28.89,94.88,6.23,21.19,muskmelon
103,28,53,28.87,91.58,6.38,20.91,muskmelon
107,25,55,27.78,90.09,6.38,27.07,muskmelon
112,14,48,28.54,91.65,6.6,24.74,muskmelon
112,22,53,28.0,94.16,6.19,25.46,muskmelon
89,20,48,27.8,94.83,6.11,27.87,muskmelon
119,10,52,27.76,90.2,6.28,29.35,muskmelon
80,22,50,29.62,90.42,6.48,26.8,muskmelon
107,29,53,27.13,92.36,6.28,23.1,muskmelon
98,18,49,29.94,90.44,6.65,24.8,muskmelon
105,27,49,28.29,92.05,6.26,29.26,muskmelon
113,12,46,28.28,90.49,6.43,21.44,muskmelon
101,10,48,29.03,92.42,6.68,28.74,muskmelon
94,11,53,29.73,94.1,6.09,29.98,muskmelon
90,24,54,27.71,94.54,6.22,29.76,muskmelon
91,29,46,29.13,92.66,6.33,22.23,muskmelon
108,14,51,27.76,94.78,6.02,22.0,muskmelon
90,18,47,28.47,94.36,6.5,25.8,muskmelon
84,24,47,29.36,91.25,6.29,23.5,muskmelon
114,13,51,27.43,93.52,6.63,24.35,muskmelon
100,29,50,28.46,92.89,6.48,21.07,muskmelon
113,19,46,29.36,91.88,6.07,26.34,muskmelon
115,28,55,29.6,90.01,6.27,28.19,muskmelon
95,22,51,28.1,94.52,6.35,24.65,muskmelon
120,20,47,28.54,94.07,6.54,27.89,muskmelon
108,15,54,29.68,90.97,6.09,29.76,muskmelon
115,28,54,28.63,93.23,6.38,20.51,muskmelon
110,20,51,28.51,92.46,6.12,22.79,muskmelon
86,14,55,27.46,91.35,6.41,26.1,muskmelon
86,26,53,27.71,91.44,6.66,28.26,muskmelon
108,12,49,28.68,90.94,6.31,26.01,muskmelon
93,26,53,27.97,94.19,6.07,28.38,muskmelon
86,12,51,28.42,94.54,6.25,22.87,muskmelon
100,19,48,29.08,93.8,6.6,29.73,muskmelon
91,24,49,29.03,92.38,6.7,27.29,muskmelon
118,27,54,29.44,92.3,6.18,23.7,muskmelon
81,20,50,28.58,94.87,6.64,21.62,muskmelon
95,18,49,29.4,92.62,6.4,28.53,muskmelon
112,13,52,28.31,91.47,6.04,24.87,muskmelon
94,15,52,29.31,91.22,6.03,28.49,muskmelon
80,29,51,27.97,91.23,6.01,22.35,muskmelon
86,22,47,28.59,92.95,6.21,20.35,muskmelon
1,121,202,21.95,93.98,5.93,111.32,apple
21,138,198,21.36,92.78,5.83,111.06,apple
26,132,201,22.63,93.7,6.21,113.35,apple
27,142,199,22.24,93.82,6.08,101.78,apple
36,121,202,23.28,94.77,5.55,114.92,apple
17,128,196,22.69,92.4,5.6,115.31,apple
30,139,204,22.23,94.77,6.37,107.41,apple
6,131,199,22.73,92.92,6.25,112.75,apple
4,141,198,23.91,90.59,6.46,102.28,apple
9,121,202,23.55,92.17,6.43,114.76,apple
25,141,198,22.06,94.53,6.4,124.41,apple
36,123,203,22.23,94.95,5.97,113.85,apple
21,128,196,23.69,94.01,5.64,119.42,apple
25,130,198,23.58,93.5,6.05,115.24,apple
4,132,197,21.63,93.31,6.41,110.09,apple
8,136,204,23.24,94.34,6.04,118.8,apple
6,129,199,22.53,94.65,6.37,103.36,apple
7,129,198,22.84,94.51,6.46,116.34,apple
34,133,197,22.57,92.78,6.24,105.5,apple
15,129,205,22.33,93.78,6.25,106.64,apple
23,142,200,23.84,91.07,5.57,122.29,apple
34,145,202,23.81,94.13,6.34,114.23,apple
15,143,199,22.62,92.23,6.06,111.76,apple
2,142,199,22.77,90.7,5.5,106.13,apple
28,122,204,21.65,91.02,5.68,100.35,apple
31,142,201,21.56,91.43,5.98,123.86,apple
10,138,199,21.89,92.28,5.57,119.97,apple
10,138,196,23.87,90.97,6.38,120.24,apple
39,132,202,22.11,90.92,5.94,104.14,apple
39,122,201,22.88,92.69,6.16,102.9,apple
22,127,204,23.29,94.86,5.54,107.13,apple
8,120,197,23.04,91.16,6.01,122.2,apple
28,130,199,22.37,90.89,6.13,109.1,apple
34,139,201,22.09,91.05,6.28,112.16,apple
9,125,197,23.33,91.14,6.03,111.29,apple
23,142,204,22.35,90.08,5.93,115.15,apple
22,136,197,22.94,90.91,6.25,108.48,apple
28,121,199,23.12,91.13,6.3,115.77,apple
24,129,200,22.79,92.36,6.2,110.84,apple
8,125,195,21.9,93.74,6.29,105.06,apple
38,133,204,23.12,93.61,5.59,105.5,apple
0,138,198,23.36,91.69,6.32,103.27,apple
7,129,199,22.05,93.82,5.6,108.78,apple
33,122,204,23.96,90.44,5.79,109.31,apple
31,135,201,23.27,90.59,6.33,117.64,apple
23,142,202,21.61,92.15,5.99,101.38,apple
38,123,202,22.52,90.13,6.42,121.3,apple
21,126,196,22.09,91.28,6.01,124.16,apple
23,142,202,22.43,94.27,5.97,121.72,apple
12,123,204,22.76,94.45,6.44,101.34,apple
20,129,201,23.38,91.4,6.06,117.72,apple
5,140,201,23.85,91.7,5.61,112.66,apple
3,144,195,23.26,92.63,5.87,101.65,apple
25,135,198,23.73,91.52,5.95,113.59,apple
4,143,199,21.24,91.94,6.1,112.84,apple
28,121,198,23.46,90.4,6.36,102.3,apple
33,129,201,21.46,90.33,5.72,103.2,apple
12,133,201,23.37,93.28,6.11,110.29,apple
19,130,203,21.69,90.03,6.15,105.06,apple
36,141,196,21.32,92.48,6.11,106.87,apple
29,135,198,21.08,93.75,5.71,120.86,apple
17,134,204,23.59,91.86,5.71,119.38,apple
17,125,204,21.59,90.13,5.52,115.56,apple
26,128,198,22.02,93.4,5.56,123.23,apple
9,145,197,23.31,91.12,5.58,121.87,apple
34,130,202,22.67,94.26,5.82,113.09,apple
19,129,204,21.5,90.75,6.08,116.44,apple
8,130,204,21.74,93.34,6.24,111.2,apple
38,138,200,22.71,93.46,6.09,121.97,apple
14,127,197,21.11,90.22,6.37,116.96,apple
26,135,203,22.44,94.35,5.86,123.17,apple
28,126,201,22.6,90.69,6.09,107.87,apple
2,144,201,23.63,93.38,5.86,112.82,apple
27,144,198,23.62,94.62,6.17,123.28,apple
16,144,202,21.13,94.53,5.98,111.51,apple
23,124,200,23.49,90.08,5.77,100.06,apple
17,138,203,23.84,93.04,5.75,123.1,apple
31,134,202,23.77,93.56,5.87,117.83,apple
2,130,199,21.5,90.12,5.63,116.37,apple
32,145,198,22.8,94.69,5.67,117.94,apple
30,122,204,23.44,90.17,5.59,101.23,apple
13,133,200,21.8,94.56,5.87,101.14,apple
12,133,199,21.82,90.66,6.32,124.9,apple
13,130,201,23.16,91.96,6.4,114.0,apple
18,136,205,23.38,90.2,5.83,111.76,apple
13,138,203,23.19,94.95,5.77,121.87,apple
31,129,202,21.31,93.95,6.03,107.31,apple
26,136,197,21.09,92.17,6.07,121.92,apple
37,133,203,22.32,93.73,5.7,109.28,apple
25,120,202,23.51,92.0,5.95,121.28,apple
31,127,198,23.04,92.82,5.66,107.75,apple
36,137,205,23.3,94.71,5.72,119.29,apple
1,137,200,22.04,94.31,6.35,100.56,apple
24,129,199,23.5,91.55,6.44,104.49,apple
27,137,198,21.97,94.17,6.26,108.23,apple
21,122,197,22.46,90.43,6.34,117.95,apple
38,137,204,22.66,93.0,6.48,116.05,apple
1,138,204,23.39,92.92,6.17,124.75,apple
4,137,198,22.92,93.04,5.65,105.17,apple
25,123,198,23.51,91.64,5.99,123.53,apple
9,18,11,28.88,94.51,7.83,115.53,orange
9,10,9,13.54,93.55,7.32,100.88,orange
33,15,9,26.7,92.15,6.88,101.31,orange
16,25,14,20.34,92.12,7.41,118.86,orange
11,19,13,25.24,90.55,7.26,103.73,orange
20,21,14,21.56,91.4,6.46,117.49,orange
7,19,7,29.33,92.37,6.7,107.22,orange
34,21,12,32.43,94.51,6.66,119.05,orange
1,18,14,16.87,91.37,6.61,112.25,orange
18,25,14,26.85,91.02,7.87,105.29,orange
6,12,11,12.84,90.69,6.6,105.63,orange
24,26,13,16.56,91.23,7.93,100.16,orange
35,14,14,18.56,92.2,7.41,111.75,orange
13,21,12,11.06,90.06,6.92,102.64,orange
27,14,9,14.94,92.74,6.23,100.46,orange
2,29,6,27.71,90.34,6.22,110.18,orange
19,29,14,29.49,93.01,6.91,107.12,orange
38,22,11,15.8,90.23,7.89,106.27,orange
18,12,13,10.69,94.17,6.28,117.73,orange
29,13,11,17.82,90.89,7.72,108.07,orange
16,13,9,31.79,91.82,7.9,118.93,orange
6,14,14,19.82,90.02,6.55,111.95,orange
32,13,6,33.05,93.76,7.18,115.38,orange
17,25,9,16.1,93.65,6.84,119.63,orange
14,28,14,16.05,93.99,6.87,118.35,orange
18,25,10,15.7,91.0,6.85,115.11,orange
24,24,8,22.04,90.22,7.64,119.8,orange
16,10,7,26.31,93.06,7.58,105.08,orange
31,24,8,23.64,90.74,6.91,117.62,orange
17,27,11,14.8,92.91,7.01,107.97,orange
5,18,6,12.47,92.08,6.61,118.51,orange
15,25,10,27.6,91.3,7.88,110.6,orange
33,17,6,26.84,90.04,6.95,103.86,orange
25,30,10,30.44,92.54,6.99,118.61,orange
36,26,8,23.63,91.12,6.89,109.68,orange
33,28,9,10.44,94.31,6.35,112.44,orange
1,18,15,12.52,92.12,6.61,118.1,orange
35,15,6,25.68,91.68,7.34,100.64,orange
5,24,7,31.44,90.29,6.43,119.97,orange
17,24,7,25.25,93.63,6.63,116.58,orange
24,18,11,24.42,90.83,6.81,106.87,orange
16,25,10,33.51,91.47,6.83,115.74,orange
22,21,6,19.96,91.35,8.0,106.17,orange
35,24,8,23.59,94.2,7.77,103.21,orange
14,17,5,24.96,94.27,6.76,114.8,orange
25,18,6,27.73,94.27,7.37,100.36,orange
9,11,11,28.91,90.55,7.68,111.11,orange
28,29,6,32.53,90.63,6.79,117.03,orange
36,20,11,27.7,94.16,6.24,116.2,orange
19,19,9,22.73,94.73,7.1,119.06,orange
7,24,13,26.98,93.03,7.13,117.22,orange
33,12,13,20.35,91.27,7.74,108.64,orange
32,15,5,22.39,90.5,7.51,105.52,orange
18,12,8,29.54,90.76,7.29,118.35,orange
27,26,6,16.27,94.47,7.43,112.79,orange
27,18,5,29.61,93.39,6.95,118.0,orange
13,16,14,29.92,92.57,6.26,104.3,orange
26,18,13,33.75,94.03,6.76,115.77,orange
14,13,5,19.64,94.52,6.48,104.13,orange
39,11,13,18.03,90.19,7.84,102.79,orange
22,15,6,11.25,90.58,6.14,115.21,orange
19,17,9,33.22,94.55,7.43,117.69,orange
13,18,11,25.59,92.41,6.8,119.72,orange
33,19,12,16.74,90.5,6.7,108.06,orange
1,26,9,24.51,90.37,6.35,117.79,orange
24,29,15,19.3,91.49,7.72,119.97,orange
25,26,13,18.88,92.87,7.67,113.76,orange
1,17,6,15.82,94.53,6.07,104.4,orange
12,22,10,15.46,90.82,6.47,110.05,orange
11,29,10,11.47,93.65,6.66,113.07,orange
11,21,13,33.2,91.31,6.67,109.29,orange
37,28,6,13.3,92.48,6.21,106.91,orange
6,23,14,34.92,91.88,7.2,117.13,orange
5,24,9,15.15,92.01,6.15,113.91,orange
10,16,6,31.62,92.47,7.14,111.39,orange
16,14,12,13.18,90.52,7.42,104.18,orange
12,20,9,27.71,93.12,7.29,114.28,orange
12,16,9,17.69,94.92,7.63,103.29,orange
0,11,7,12.86,92.67,7.72,114.74,orange
9,18,10,30.26,94.2,7.82,110.18,orange
28,12,11,16.22,92.16,7.27,105.14,orange
2,10,5,10.21,90.55,6.48,104.42,orange
39,16,6,23.64,94.29,7.36,105.92,orange
22,24,12,26.66,94.35,7.74,111.58,orange
17,23,13,10.14,94.96,6.37,109.4,orange
35,15,10,13.31,91.98,6.35,107.27,orange
15,30,15,12.87,93.63,6.1,100.6,orange
4,29,14,14.85,90.81,6.48,110.31,orange
23,14,13,17.74,94.61,7.31,108.73,orange
32,26,8,18.49,94.68,6.33,100.84,orange
18,26,13,32.99,92.67,6.2,111.77,orange
31,12,7,10.31,92.97,7.77,113.41,orange
39,11,14,30.35,91.57,7.95,105.76,orange
36,28,13,24.09,90.6,7.06,107.14,orange
32,25,14,10.37,94.05,7.88,115.79,orange
5,12,5,25.72,93.15,7.97,107.96,orange
13,22,13,33.42,94.02,6.85,112.7,orange
34,20,7,14.24,90.0,7.44,102.22,orange
10,16,11,19.95,93.37,6.11,102.48,orange
20,17,8,11.68,94.48,7.38,102.43,orange
37,69,52,37.59,93.51,6.88,203.79,papaya
47,56,45,43.19,93.02,6.6,233.12,papaya
58,70,54,43.98,91.22,6.92,212.84,papaya
41,47,55,36.26,94.35,6.5,44.42,papaya
47,51,52,39.22,90.39,6.58,121.49,papaya
40,65,49,34.03,92.42,6.55,67.08,papaya
41,66,54,42.09,91.67,6.64,155.32,papaya
53,70,46,33.54,93.47,6.92,217.73,papaya
52,69,50,43.05,94.84,6.92,105.05,papaya
40,59,50,42.66,90.5,6.63,197.88,papaya
37,53,49,39.85,90.79,6.93,133.98,papaya
58,57,48,34.56,90.02,6.77,62.5,papaya
45,60,48,34.93,93.87,6.97,61.09,papaya
39,69,45,43.75,90.02,6.94,104.54,papaya
58,53,52,33.88,91.21,6.89,151.02,papaya
58,56,54,37.94,94.9,6.98,109.12,papaya
57,66,47,39.87,90.36,6.92,76.65,papaya
37,55,51,42.4,94.87,6.72,52.69,papaya
54,59,49,36.4,92.51,6.67,198.97,papaya
49,67,50,35.62,94.26,6.78,83.44,papaya
51,54,53,37.99,93.63,6.55,123.17,papaya
60,65,47,36.06,91.65,6.83,198.97,papaya
54,58,53,37.81,90.62,6.78,239.98,papaya
55,59,51,43.24,92.14,6.67,245.22,papaya
57,53,50,37.57,90.75,6.98,124.91,papaya
57,50,50,33.26,93.82,6.79,171.37,papaya
36,50,46,36.18,93.14,6.78,168.55,papaya
49,52,47,34.51,94.25,6.81,79.17,papaya
39,67,52,40.25,92.03,6.63,245.68,papaya
55,53,53,41.35,91.49,6.71,79.05,papaya
38,63,48,42.02,94.98,6.54,139.34,papaya
55,65,53,36.84,92.27,6.8,244.53,papaya
43,68,48,43.88,93.35,6.73,168.81,papaya
42,52,46,34.25,91.74,6.88,167.67,papaya
38,66,51,43.57,93.35,6.59,139.49,papaya
51,46,45,34.42,91.26,6.71,142.36,papaya
38,62,51,36.24,90.07,6.54,122.26,papaya
39,54,51,39.02,91.16,6.67,168.95,papaya
57,64,51,36.99,91.83,6.94,48.24,papaya
60,62,52,33.42,93.03,6.74,62.21,papaya
42,67,50,37.55,90.36,6.86,187.6,papaya
50,58,49,39.53,91.17,6.97,163.65,papaya
43,56,53,34.78,91.46,6.84,106.25,papaya
55,48,53,33.75,90.06,6.95,162.08,papaya
44,51,51,38.6,94.96,6.99,173.36,papaya
46,57,52,34.12,91.64,6.54,55.41,papaya
40,57,53,38.34,91.68,6.54,155.56,papaya
42,60,55,34.22,91.06,6.74,243.41,papaya
54,67,48,43.91,90.51,6.53,219.68,papaya
58,47,46,33.36,90.52,6.6,243.72,papaya
52,64,53,38.89,93.99,6.8,106.05,papaya
49,58,53,43.8,92.06,6.88,60.95,papaya
54,54,45,37.0,93.05,6.56,234.05,papaya
37,68,52,36.63,91.95,6.87,166.31,papaya
52,55,50,43.89,91.07,6.71,101.28,papaya
54,64,48,33.9,90.06,6.71,126.17,papaya
60,57,48,42.8,92.46,6.8,60.09,papaya
45,69,51,36.79,93.13,6.96,97.54,papaya
48,69,47,40.92,93.07,6.84,113.76,papaya
43,62,47,37.62,90.94,6.5,243.71,papaya
46,69,46,39.46,91.0,6.9,204.58,papaya
38,68,47,39.74,94.93,6.94,240.88,papaya
44,48,47,38.51,93.97,6.58,178.54,papaya
43,54,52,38.14,94.06,6.58,205.89,papaya
37,50,52,42.4,91.26,6.66,152.8,papaya
40,65,53,34.6,92.32,6.89,110.84,papaya
51,46,51,34.68,94.15,6.68,99.13,papaya
56,46,49,37.07,91.42,6.96,197.69,papaya
37,63,50,42.91,91.56,6.79,145.16,papaya
47,56,47,41.31,92.26,6.98,94.77,papaya
52,69,52,42.58,94.14,6.68,166.03,papaya
39,58,47,41.18,92.64,6.71,96.45,papaya
60,47,45,35.39,94.86,6.99,177.53,papaya
57,50,55,34.57,90.51,6.56,160.36,papaya
55,54,55,37.78,90.75,6.73,182.6,papaya
56,56,51,35.94,93.23,6.99,50.3,papaya
57,59,48,43.5,92.42,6.67,78.11,papaya
41,66,51,43.05,91.16,6.56,41.28,papaya
48,70,52,36.39,94.38,6.89,43.24,papaya
55,53,46,35.49,92.34,6.71,100.67,papaya
39,64,55,41.56,91.48,6.62,85.71,papaya
38,59,51,40.76,93.4,6.65,109.37,papaya
52,54,47,37.12,91.36,6.54,214.33,papaya
56,50,46,41.13,91.06,6.7,53.47,papaya
41,65,53,35.28,91.68,6.57,55.58,papaya
60,61,50,41.42,94.2,6.9,43.47,papaya
40,61,49,43.81,93.33,6.98,82.3,papaya
57,53,55,34.73,92.58,6.9,130.85,papaya
47,70,49,39.64,90.27,6.92,176.12,papaya
45,45,51,33.14,90.01,6.81,79.69,papaya
40,61,46,36.45,90.75,6.79,178.97,papaya
53,51,46,33.87,92.13,6.97,85.72,papaya
41,48,51,40.48,93.21,6.93,142.15,papaya
38,52,52,39.74,92.66,6.84,173.85,papaya
57,60,53,35.74,93.39,6.95,121.0,papaya
54,63,46,39.4,90.65,6.98,210.4,papaya
38,48,51,36.79,90.17,6.77,121.45,papaya
38,65,54,41.32,94.11,6.61,95.35,papaya
40,64,54,40.89,94.41,6.82,121.41,papaya
46,47,45,40.65,92.19,6.78,157.11,papaya
22,17,30,26.17,97.39,5.95,184.33,coconut
37,27,34,25.81,90.31,5.76,155.08,coconut
38,21,26,25.41,91.4,6.13,196.19,coconut
36,29,27,25.93,92.16,5.86,212.32,coconut
29,23,30,25.09,90.58,6.04,194.69,coconut
20,23,33,26.24,96.72,5.9,191.05,coconut
34,30,28,26.23,91.49,5.7,192.41,coconut
38,15,27,25.86,94.1,5.79,151.02,coconut
33,5,30,27.38,92.4,6.1,190.2,coconut
31,16,28,27.51,96.83,5.82,139.27,coconut
17,7,31,25.15,93.03,6.25,156.49,coconut
34,24,27,27.19,96.73,5.9,148.94,coconut
28,28,31,25.52,96.14,5.93,183.24,coconut
33,18,33,27.17,95.54,5.65,205.24,coconut
38,8,30,25.78,96.79,6.22,142.68,coconut
37,10,33,26.37,92.95,5.66,145.09,coconut
32,19,26,25.34,90.65,6.24,194.07,coconut
16,19,26,27.71,98.16,6.2,213.36,coconut
35,26,31,25.92,91.96,5.83,186.56,coconut
19,11,30,25.7,95.3,6.42,197.33,coconut
32,20,30,25.56,98.05,5.75,138.22,coconut
34,9,29,25.08,91.23,5.67,134.9,coconut
31,26,29,27.62,91.92,5.83,143.57,coconut
31,15,31,27.29,94.91,6.13,214.17,coconut
22,14,32,26.83,91.61,5.88,172.11,coconut
25,9,34,27.29,94.33,6.18,210.76,coconut
18,11,30,27.4,90.33,6.48,170.94,coconut
24,12,27,27.37,98.6,5.91,215.72,coconut
36,17,32,26.3,95.03,5.56,192.66,coconut
16,25,33,25.71,92.91,5.98,183.7,coconut
22,20,28,25.17,90.02,5.6,201.3,coconut
39,16,30,25.44,94.96,5.64,185.01,coconut
38,10,33,25.07,93.38,5.61,161.72,coconut
19,14,29,25.9,95.91,6.42,166.05,coconut
20,12,34,26.71,94.1,5.65,170.48,coconut
22,29,34,25.25,94.65,5.73,166.97,coconut
37,18,28,25.62,97.2,6.12,172.13,coconut
20,13,35,26.56,93.61,6.02,200.11,coconut
24,9,31,27.0,96.41,6.38,163.41,coconut
17,29,29,26.87,96.0,6.05,148.47,coconut
34,25,31,26.47,91.03,5.58,160.56,coconut
23,29,33,26.98,94.66,5.67,218.06,coconut
24,8,30,27.62,97.99,5.51,209.77,coconut
22,6,33,27.59,95.37,6.07,203.18,coconut
35,27,31,27.9,98.97,5.62,206.46,coconut
27,15,31,25.17,94.56,6.37,149.21,coconut
26,28,29,26.08,93.96,6.02,186.88,coconut
35,16,33,26.6,93.05,6.16,194.6,coconut
29,6,27,25.86,92.54,6.17,131.65,coconut
34,12,28,26.58,91.94,6.38,137.68,coconut
26,26,31,25.88,93.79,6.21,217.59,coconut
37,14,35,25.01,90.25,6.32,147.95,coconut
17,11,29,27.19,95.62,5.74,175.29,coconut
38,25,28,27.95,96.38,5.56,133.16,coconut
19,23,27,26.53,90.84,6.42,160.96,coconut
38,29,25,26.39,90.22,6.41,176.66,coconut
17,8,29,27.82,96.24,6.37,162.98,coconut
16,29,25,27.84,93.32,5.51,192.02,coconut
40,29,27,25.54,95.09,6.14,196.55,coconut
20,29,31,27.54,94.86,5.91,217.95,coconut
30,27,35,27.03,94.94,5.5,133.6,coconut
20,10,28,25.91,93.24,5.92,138.9,coconut
16,22,30,26.33,95.71,6.33,168.49,coconut
31,29,33,26.28,95.8,5.68,180.45,coconut
40,18,34,26.22,98.99,6.08,133.8,coconut
30,12,25,27.46,92.48,6.3,155.94,coconut
20,29,29,26.8,95.49,6.06,212.32,coconut
32,15,34,25.54,94.9,6.45,186.29,coconut
35,21,33,27.83,92.46,5.67,173.56,coconut
33,11,25,26.03,98.72,6.19,166.12,coconut
20,14,27,25.32,98.16,6.5,144.77,coconut
16,13,30,25.61,92.71,5.7,199.68,coconut
33,21,29,27.73,98.73,5.67,150.07,coconut
28,7,29,26.75,94.7,5.83,178.82,coconut
39,10,32,25.13,90.6,6.05,139.44,coconut
16,9,31,27.11,91.82,6.17,146.42,coconut
30,15,32,27.99,98.44,5.5,209.69,coconut
17,29,28,26.15,90.82,5.61,195.41,coconut
39,20,32,27.29,92.37,5.55,130.17,coconut
24,11,26,25.54,91.12,6.41,142.62,coconut
28,20,30,25.3,92.87,5.55,165.61,coconut
20,19,32,26.6,93.91,5.89,205.75,coconut
20,23,33,26.26,92.68,5.97,138.39,coconut
16,8,27,26.51,97.64,5.74,214.16,coconut
39,29,33,26.09,90.65,6.07,180.28,coconut
36,30,30,26.04,91.67,5.5,175.82,coconut
29,26,30,27.75,95.65,6.34,143.35,coconut
36,22,27,25.57,98.34,5.53,171.63,coconut
23,22,33,26.08,93.84,6.48,200.55,coconut
37,16,27,26.24,96.44,5.61,154.34,coconut
16,16,33,25.07,96.08,6.43,151.32,coconut
32,29,35,25.7,90.9,5.65,193.18,coconut
33,22,28,25.51,95.23,5.98,195.6,coconut
26,13,28,25.63,92.39,5.59,161.22,coconut
16,10,32,25.98,96.01,6.22,182.31,coconut
39,6,32,27.88,97.76,5.67,159.41,coconut
19,20,32,25.95,94.86,6.19,167.92,coconut
36,24,26,26.86,92.12,6.06,216.12,coconut
37,15,28,25.7,94.79,5.61,179.43,coconut
15,13,27,27.91,96.55,5.85,138.36,coconut
121,40,20,25.34,81.16,7.19,76.23,cotton
137,58,20,23.22,79.6,6.21,79.09,cotton
120,38,17,23.92,83.88,7.05,80.45,cotton
114,49,19,24.64,75.51,6.89,68.88,cotton
113,59,17,23.24,80.1,7.7,72.5,cotton
130,56,18,23.57,78.57,7.63,61.33,cotton
112,52,21,23.75,80.4,6.23,72.92,cotton
120,58,18,25.47,81.44,5.84,81.74,cotton
101,60,24,23.19,77.57,6.64,70.69,cotton
115,43,21,22.66,83.46,7.59,74.29,cotton
134,41,15,24.48,79.58,7.05,86.98,cotton
139,51,23,22.34,76.61,7.41,72.94,cotton
118,43,21,22.74,81.27,6.18,61.91,cotton
113,41,24,22.22,76.77,7.01,74.43,cotton
102,35,25,24.64,78.65,6.83,68.0,cotton
114,51,24,22.74,83.4,6.07,66.45,cotton
101,39,24,23.84,75.78,7.91,86.37,cotton
130,58,17,25.35,81.9,7.71,83.91,cotton
114,54,18,23.31,76.08,7.86,68.73,cotton
121,45,25,23.34,82.79,7.68,73.07,cotton
115,54,24,25.02,77.27,7.75,71.63,cotton
123,56,17,25.14,80.96,7.77,65.16,cotton
117,56,15,22.45,84.91,6.42,89.27,cotton
107,44,23,24.63,80.81,6.97,85.3,cotton
109,46,17,24.38,77.51,6.53,74.14,cotton
101,37,22,23.72,83.65,7.33,60.24,cotton
125,37,23,25.97,80.31,7.3,67.12,cotton
118,56,17,23.06,79.45,7.37,71.28,cotton
137,37,19,24.84,77.26,7.24,64.93,cotton
102,38,24,24.21,82.96,6.53,77.78,cotton
120,59,22,24.92,75.46,7.01,74.01,cotton
137,41,18,23.65,77.43,6.08,85.72,cotton
122,57,23,23.13,80.48,5.98,87.46,cotton
116,45,18,23.84,77.52,6.62,84.0,cotton
133,43,20,25.5,75.53,7.76,66.58,cotton
127,50,21,25.44,76.02,6.56,76.15,cotton
132,40,23,23.6,76.89,7.47,62.73,cotton
121,37,19,24.4,80.56,6.69,72.87,cotton
109,46,25,25.4,76.45,5.87,88.01,cotton
121,48,23,23.26,79.82,7.93,80.16,cotton
106,38,17,25.07,77.95,5.85,88.33,cotton
107,35,17,22.94,79.22,7.82,86.38,cotton
118,45,21,22.97,75.52,7.87,65.6,cotton
108,47,20,22.07,76.48,6.63,80.51,cotton
109,46,21,25.55,78.26,6.09,74.68,cotton
130,38,19,22.07,75.34,6.86,68.95,cotton
134,50,20,23.63,79.97,5.89,86.78,cotton
140,40,16,22.57,81.61,7.26,85.44,cotton
130,46,21,24.75,80.13,6.85,79.35,cotton
122,51,21,24.88,81.43,6.94,80.45,cotton
118,41,15,24.24,80.91,7.94,70.84,cotton
116,40,16,25.09,77.5,7.14,80.63,cotton
119,57,19,23.14,83.96,7.7,64.92,cotton
101,37,18,25.89,80.59,6.62,86.66,cotton
118,43,24,25.4,83.44,6.93,83.68,cotton
107,49,25,23.16,82.94,6.88,61.19,cotton
131,39,21,22.34,84.47,6.44,66.79,cotton
105,59,22,24.97,79.99,6.84,63.3,cotton
122,41,25,25.19,79.13,6.13,83.56,cotton
105,40,17,24.23,82.87,6.49,62.54,cotton
119,54,17,22.88,84.47,7.9,89.71,cotton
132,40,17,23.36,78.18,7.9,83.67,cotton
129,40,24,25.31,76.64,7.72,68.17,cotton
103,51,22,22.38,78.19,7.98,80.35,cotton
129,40,16,23.11,77.49,6.32,65.78,cotton
123,43,23,22.74,79.65,5.83,74.45,cotton
102,59,23,23.96,75.87,7.1,82.76,cotton
108,49,23,25.07,83.03,7.73,88.13,cotton
116,49,23,24.79,84.96,5.83,70.65,cotton
111,42,17,24.84,75.85,7.43,80.8,cotton
110,41,21,25.05,83.76,7.67,88.95,cotton
123,58,23,25.58,75.12,7.92,74.21,cotton
132,38,19,23.09,77.92,6.07,84.17,cotton
100,43,17,24.36,77.54,6.37,74.65,cotton
126,38,17,22.99,84.74,6.67,77.97,cotton
110,47,16,22.14,79.69,6.68,64.11,cotton
128,60,19,24.5,84.63,7.63,73.91,cotton
129,38,20,23.12,76.61,6.74,63.93,cotton
128,46,20,22.59,76.4,7.08,89.55,cotton
104,42,24,22.29,83.76,6.95,72.25,cotton
112,42,18,25.54,82.24,7.27,83.96,cotton
110,50,20,25.13,78.09,7.21,86.47,cotton
116,37,20,23.38,81.72,7.89,74.57,cotton
119,51,16,23.01,84.19,7.27,60.4,cotton
108,52,23,25.36,77.92,7.85,76.59,cotton
128,50,16,25.85,76.23,6.36,84.41,cotton
125,56,20,23.51,84.22,5.88,85.68,cotton
109,56,16,24.32,83.88,6.84,82.4,cotton
132,53,24,23.79,76.73,5.91,67.39,cotton
106,49,17,22.16,75.36,7.63,77.74,cotton
114,57,16,25.92,81.16,6.2,80.37,cotton
131,46,24,22.6,77.79,6.01,66.33,cotton
110,58,16,23.71,80.32,7.78,89.93,cotton
130,59,23,25.85,82.07,5.98,72.06,cotton
126,44,18,24.31,84.34,5.88,83.08,cotton
129,59,24,25.05,80.2,6.25,76.36,cotton
131,57,23,22.78,81.0,6.53,60.28,cotton
108,38,23,23.03,77.85,7.91,71.37,cotton
100,42,16,22.41,75.77,7.11,65.68,cotton
114,57,19,25.66,79.98,6.68,82.51,cotton
62,37,42,24.46,85.81,7.37,147.48,jute
78,48,45,25.49,88.23,6.38,164.76,jute
68,40,44,23.06,89.31,6.22,166.87,jute
68,44,37,24.76,76.96,6.99,130.7,jute
62,37,39,25.44,87.76,6.37,155.85,jute
83,42,39,24.57,72.7,6.04,136.88,jute
79,37,37,24.01,71.56,6.29,171.01,jute
61,51,39,25.02,81.77,6.34,168.12,jute
75,56,39,25.95,85.41,7.45,153.14,jute
74,54,44,25.89,76.49,7.2,139.48,jute
76,39,38,25.79,72.92,6.95,156.68,jute
64,43,41,23.56,86.01,7.46,139.66,jute
66,46,42,23.84,70.4,6.81,173.05,jute
72,46,45,25.08,84.38,6.84,173.86,jute
81,57,42,25.21,75.81,6.46,165.23,jute
69,49,37,25.45,72.21,7.24,157.12,jute
66,49,38,23.97,77.03,6.09,174.37,jute
61,52,39,24.94,77.12,7.01,162.82,jute
81,38,42,23.84,70.58,6.62,149.51,jute
74,53,38,23.95,71.21,7.03,155.55,jute
70,53,40,24.41,80.23,6.95,159.7,jute
69,39,37,24.92,87.46,6.61,137.63,jute
83,56,44,24.82,87.21,6.02,134.83,jute
63,53,36,24.49,79.45,6.47,169.17,jute
65,44,43,23.09,83.46,7.22,171.95,jute
86,43,41,23.23,75.16,6.14,144.18,jute
86,44,41,24.3,79.18,7.45,143.33,jute
79,46,36,24.47,86.27,6.15,133.13,jute
65,54,42,24.7,79.36,7.33,164.5,jute
84,55,41,24.37,87.29,7.39,131.07,jute
62,59,38,25.62,77.78,6.18,133.62,jute
65,41,40,25.1,89.73,6.66,153.32,jute
76,48,40,23.03,70.03,6.15,134.57,jute
81,40,44,25.79,89.52,7.41,142.23,jute
75,39,43,25.67,87.03,6.65,164.14,jute
63,36,43,24.28,89.91,6.15,168.5,jute
74,56,43,25.75,75.96,7.42,136.83,jute
62,46,43,24.42,86.59,7.09,139.42,jute
88,37,44,23.91,80.0,6.63,137.73,jute
71,40,37,23.56,79.78,7.2,155.6,jute
87,51,42,25.0,78.99,7.03,133.14,jute
86,54,37,25.3,70.25,6.33,132.93,jute
83,54,43,23.01,80.02,7.06,136.99,jute
79,37,37,24.43,83.07,6.22,138.34,jute
66,41,37,24.19,83.08,6.66,164.92,jute
82,38,35,25.63,71.6,6.22,131.0,jute
79,50,45,25.66,78.22,6.56,143.36,jute
65,38,36,23.34,74.81,6.46,173.27,jute
77,60,39,24.37,76.49,6.27,136.44,jute
88,60,35,23.45,78.47,6.28,146.37,jute
64,46,38,24.06,71.89,6.64,174.25,jute
70,57,43,25.86,85.8,6.99,168.55,jute
62,47,45,25.31,89.24,7.17,169.37,jute
81,54,40,25.77,86.5,7.27,160.29,jute
69,36,44,24.76,75.96,6.22,167.33,jute
85,55,41,24.1,76.08,6.01,167.51,jute
63,51,40,24.58,88.53,6.05,164.8,jute
62,36,39,23.19,85.78,6.79,131.31,jute
61,50,43,24.31,81.09,7.2,157.47,jute
67,50,41,25.2,82.42,7.45,138.88,jute
89,48,42,23.3,77.61,7.15,161.81,jute
61,49,36,25.99,87.95,6.03,168.64,jute
88,44,42,24.33,83.1,6.51,144.52,jute
73,39,43,24.05,78.0,7.34,152.35,jute
76,59,44,23.51,79.46,7.46,146.76,jute
71,40,36,25.22,85.4,7.45,164.8,jute
67,36,45,24.02,76.24,7.36,156.33,jute
66,57,45,23.26,87.25,6.59,153.58,jute
87,59,38,23.64,71.61,6.84,130.61,jute
72,37,39,23.12,86.7,6.31,144.77,jute
86,54,37,23.22,84.31,6.59,164.47,jute
73,44,40,25.25,88.04,6.07,153.59,jute
61,47,44,24.08,88.65,6.95,172.04,jute
83,38,37,24.18,73.4,6.74,151.21,jute
89,46,43,25.83,87.54,6.31,152.32,jute
70,45,39,25.48,79.04,6.79,174.21,jute
62,47,43,23.45,82.23,6.36,169.03,jute
70,43,41,23.55,75.7,6.62,145.91,jute
76,50,41,24.96,76.15,6.19,164.24,jute
86,41,39,24.5,80.67,6.99,131.87,jute
82,37,40,25.48,79.02,6.22,174.33,jute
87,54,39,23.55,88.83,6.8,168.36,jute
70,43,45,24.57,72.81,6.33,151.69,jute
61,47,39,25.34,77.1,7.47,138.13,jute
78,37,42,25.98,86.38,6.83,151.81,jute
85,58,45,24.19,89.82,6.23,141.41,jute
63,42,43,25.56,85.58,6.95,153.13,jute
81,45,43,25.03,83.96,6.8,169.84,jute
68,45,43,24.48,87.78,6.52,146.62,jute
87,47,40,24.0,75.53,6.98,135.39,jute
86,54,37,25.08,82.05,6.28,142.29,jute
72,52,41,24.6,85.37,7.14,157.8,jute
84,43,44,24.84,86.45,6.82,139.83,jute
76,44,42,24.43,86.72,7.02,160.8,jute
67,60,43,25.37,76.6,6.8,136.17,jute
76,39,41,24.95,77.8,6.75,169.4,jute
63,55,37,23.11,73.71,7.15,148.23,jute
86,48,35,25.15,72.2,7.18,137.56,jute
70,54,45,24.11,86.59,6.29,166.32,jute
80,40,38,23.4,77.66,6.31,158.98,jute
120,15,30,25.87,68.28,6.76,155.78,coffee
99,22,26,25.04,51.05,6.83,138.05,coffee
101,18,34,27.47,53.8,6.52,161.01,coffee
84,24,28,27.58,67.05,6.87,154.03,coffee
117,38,35,23.63,53.21,7.02,155.61,coffee
81,17,34,27.34,57.15,7.34,159.53,coffee
112,26,26,25.17,59.15,6.83,122.92,coffee
120,21,27,25.63,60.74,6.66,172.89,coffee
101,30,32,23.13,61.41,7.33,116.3,coffee
96,38,29,25.29,69.63,6.3,119.89,coffee
114,37,30,25.57,66.72,7.11,134.89,coffee
81,27,34,27.48,69.12,7.32,158.5,coffee
98,34,32,25.69,51.75,7.39,149.17,coffee
95,31,32,24.05,66.74,6.43,129.0,coffee
96,33,35,27.05,68.81,6.21,120.34,coffee
102,22,33,26.36,69.41,6.38,151.43,coffee
100,21,31,25.22,58.93,6.54,116.27,coffee
101,23,25,24.54,55.57,6.59,124.89,coffee
100,32,31,27.02,59.04,6.78,175.78,coffee
97,33,29,25.09,65.2,6.26,140.39,coffee
89,24,27,25.9,65.96,7.18,142.34,coffee
120,30,29,27.18,64.6,7.12,129.71,coffee
99,37,30,26.42,61.76,7.26,136.34,coffee
103,18,32,26.66,50.86,7.01,146.1,coffee
85,25,27,25.08,57.69,7.11,173.07,coffee
104,16,34,26.43,50.68,7.23,130.02,coffee
103,27,29,27.45,58.75,6.11,186.0,coffee
117,32,30,23.46,65.81,6.11,120.15,coffee
101,19,25,25.12,52.74,6.24,120.77,coffee
88,33,33,25.26,60.13,6.05,120.2,coffee
90,29,32,26.03,57.84,6.18,173.56,coffee
95,33,30,26.69,68.15,7.38,155.13,coffee
100,22,34,25.29,52.55,6.65,124.53,coffee
100,29,28,23.36,68.87,7.16,177.92,coffee
95,34,30,24.01,52.49,6.52,125.32,coffee
120,16,29,25.26,56.01,6.86,126.25,coffee
111,23,31,26.58,67.78,7.25,160.62,coffee
96,28,33,27.39,52.08,6.58,173.21,coffee
97,23,29,26.01,70.0,6.74,130.64,coffee
87,16,31,25.72,54.1,7.04,170.58,coffee
90,24,35,24.87,65.22,6.68,174.5,coffee
111,32,34,27.7,61.6,6.36,144.9,coffee
110,31,27,23.26,63.66,6.38,152.48,coffee
110,29,26,23.93,54.39,6.39,157.41,coffee
100,20,26,23.86,69.69,6.7,180.05,coffee
114,28,32,23.96,63.77,6.41,177.4,coffee
83,34,26,27.41,56.08,6.98,151.56,coffee
95,31,34,23.21,68.38,6.91,175.55,coffee
95,27,34,25.07,60.69,6.03,126.89,coffee
106,33,31,23.72,58.91,6.53,152.17,coffee
115,34,26,27.45,59.44,7.12,125.5,coffee
107,21,29,23.08,53.03,6.14,132.98,coffee
84,32,25,26.09,52.81,7.42,184.98,coffee
89,30,25,27.66,60.46,6.06,140.69,coffee
83,25,32,25.35,57.67,6.18,133.37,coffee
84,35,26,25.98,56.85,6.34,162.96,coffee
98,25,31,25.46,56.07,6.84,165.21,coffee
81,27,26,23.93,61.21,7.3,181.21,coffee
83,25,31,23.74,65.31,7.12,182.75,coffee
80,20,33,26.35,67.89,6.09,159.77,coffee
103,16,30,26.05,53.83,6.41,163.03,coffee
99,36,28,24.33,69.7,7.37,117.17,coffee
111,18,25,24.37,55.39,7.23,168.3,coffee
119,33,29,26.49,69.99,7.07,172.13,coffee
118,18,32,27.25,69.09,6.32,152.79,coffee
107,21,31,24.29,56.67,6.66,154.69,coffee
98,27,28,23.79,50.95,6.29,158.65,coffee
111,19,26,26.75,56.1,7.43,168.57,coffee
93,22,30,23.4,52.35,6.26,173.1,coffee
101,15,32,25.12,60.22,6.32,156.38,coffee
119,17,28,24.21,54.97,6.57,176.36,coffee
117,20,30,26.18,60.44,6.65,129.4,coffee
100,25,33,26.82,52.68,6.13,183.11,coffee
101,36,26,25.63,60.79,7.29,122.32,coffee
90,25,34,27.69,69.85,7.44,115.45,coffee
82,19,28,27.15,67.85,6.28,161.47,coffee
117,27,26,25.29,57.52,6.87,147.9,coffee
81,40,30,25.37,69.09,6.23,129.19,coffee
112,22,33,24.36,50.66,6.78,129.75,coffee
110,31,34,26.91,53.62,7.2,163.13,coffee
107,36,31,25.33,62.73,6.45,128.69,coffee
105,21,26,23.0,62.17,6.54,171.42,coffee
95,27,29,26.25,57.12,7.45,185.21,coffee
114,38,29,25.68,64.84,7.04,181.8,coffee
109,40,28,27.16,63.95,7.04,139.44,coffee
111,38,27,26.13,57.84,7.48,150.91,coffee
89,25,32,23.38,62.07,7.4,178.78,coffee
83,40,32,23.81,50.25,6.26,177.86,coffee
81,21,33,25.93,65.65,7.12,118.8,coffee
116,21,31,26.22,53.37,7.46,151.61,coffee
82,38,31,26.5,60.5,7.25,117.49,coffee
91,27,26,26.53,57.87,6.41,115.25,coffee
109,36,29,25.82,54.55,6.93,115.91,coffee
100,31,34,24.91,65.3,6.9,184.53,coffee
96,23,34,23.25,52.73,6.12,178.23,coffee
80,37,30,23.02,58.03,6.28,161.83,coffee
107,27,25,26.28,66.84,7.08,177.25,coffee
88,37,28,23.07,66.87,7.41,164.17,coffee
89,21,30,27.49,52.99,7.24,136.85,coffee
112,38,29,24.83,66.04,6.79,166.33,coffee
